# source	flags	score	reference_size	metric
src/nonmatching/func_02042fe8.c	-O2 -interworking	94.5797	64	structural-v1
src/nonmatching/func_02043028.c	-O2 -interworking	81.6134	72	structural-v1
src/nonmatching/func_0204309c.c	-O2 -interworking	80.9994	68	structural-v1
src/nonmatching/func_0204310c.c	-O2 -interworking	95.9524	84	structural-v1
src/nonmatching/func_02043194.c	-O2 -interworking	59.6316	84	structural-v1
src/nonmatching/func_020431e8.c	-O2 -interworking	59.3347	38	structural-v1
src/nonmatching/func_02043210.c	-O2 -interworking	83.8656	44	structural-v1
src/nonmatching/func_0204323c.c	-O2 -interworking	79.8526	38	structural-v1
src/nonmatching/func_02043264.c	-O2 -interworking	87.6923	52	structural-v1
src/nonmatching/func_02043298.c	-O2 -interworking	68.8182	120	structural-v1
src/nonmatching/func_02043310.c	-O2 -interworking	93.2203	112	structural-v1
src/nonmatching/func_02043380.c	-O2 -interworking	96.8293	84	structural-v1
src/nonmatching/func_020433dc.c	-O2 -interworking	91.9632	352	structural-v1
src/nonmatching/func_0204353c.c	-O2 -interworking	94.4915	240	structural-v1
src/nonmatching/func_0204362c.c	-O2 -interworking	98.9474	116	structural-v1
src/nonmatching/func_020436a0.c	-O2 -interworking	84.4737	76	structural-v1
src/nonmatching/func_020436ec.c	-O2 -interworking	83.2353	68	structural-v1
src/nonmatching/func_02043730.c	-O2 -interworking	82.3077	28	structural-v1
src/nonmatching/func_0204374c.c	-O2 -interworking	54.6535	192	structural-v1
src/nonmatching/func_0204380c.c	-O2 -interworking	57.3958	184	structural-v1
src/nonmatching/func_020438c4.c	-O2 -interworking	69.6703	132	structural-v1
src/nonmatching/func_02043948.c	-O2 -interworking	78.0556	72	structural-v1
src/nonmatching/func_02043990.c	-O2 -interworking	59.5238	132	structural-v1
src/nonmatching/func_02043a14.c	-O2 -interworking	86.6667	52	structural-v1
src/nonmatching/func_02043a48.c	-O2 -interworking	59.0807	80	structural-v1
src/nonmatching/func_02043a98.c	-O2 -interworking	82.5758	44	structural-v1
src/nonmatching/func_02043da8.c	-O2 -interworking	55.0357	80	structural-v1
src/nonmatching/func_02043df8.c	-O2 -interworking	73.6257	38	structural-v1
src/nonmatching/func_02043e20.c	-O2 -interworking	50.2762	152	structural-v1
src/nonmatching/func_02043eb8.c	-O2 -interworking	74.6691	34	structural-v1
src/nonmatching/func_02043edc.c	-O2 -interworking	51.2000	50	structural-v1
src/nonmatching/func_02043f20.c	-O2 -interworking	47.2024	48	structural-v1
src/nonmatching/func_02043f50.c	-O2 -interworking	82.5758	44	structural-v1
src/nonmatching/func_02044044.c	-O2 -interworking	29.0698	88	structural-v1
src/nonmatching/func_0204409c.c	-O2 -interworking	46.8838	168	structural-v1
src/nonmatching/func_02044144.c	-O2 -interworking	53.3333	104	structural-v1
src/nonmatching/func_020441ac.c	-O2 -interworking	43.5052	184	structural-v1
src/nonmatching/func_02044264.c	-O2 -interworking	63.6136	264	structural-v1
src/nonmatching/func_0204436c.c	-O2 -interworking	73.7209	168	structural-v1
src/nonmatching/func_02044414.c	-O2 -interworking	37.5398	288	structural-v1
src/nonmatching/func_02044534.c	-O2 -interworking	49.0625	188	structural-v1
src/nonmatching/func_020445f0.c	-O2 -interworking	58.8594	132	structural-v1
src/nonmatching/func_02044674.c	-O2 -interworking	77.9032	124	structural-v1
src/nonmatching/func_020446f0.c	-O2 -interworking	87.8723	92	structural-v1
src/nonmatching/func_0204474c.c	-O2 -interworking	49.9048	24	structural-v1
src/nonmatching/func_02044764.c	-O2 -interworking	54.7571	56	structural-v1
src/nonmatching/func_0204479c.c	-O2 -interworking	82.5758	44	structural-v1
src/nonmatching/func_0204484c.c	-O2 -interworking	77.5000	76	structural-v1
src/nonmatching/func_02044898.c	-O2 -interworking	72.5641	80	structural-v1
src/nonmatching/func_020448e8.c	-O2 -interworking	94.0000	40	structural-v1
src/nonmatching/func_02044910.c	-O2 -interworking	94.0000	40	structural-v1
src/nonmatching/func_02044954.c	-O2 -interworking	94.0000	40	structural-v1
src/nonmatching/func_020449a4.c	-O2 -interworking	84.6667	28	structural-v1
src/nonmatching/func_020449c0.c	-O2 -interworking	35.6190	40	structural-v1
src/nonmatching/func_020449e8.c	-O2 -interworking	62.0197	60	structural-v1
src/nonmatching/func_02044a24.c	-O2 -interworking	45.0631	196	structural-v1
src/nonmatching/func_02044ae8.c	-O2 -interworking	47.3276	116	structural-v1
src/nonmatching/func_02044b5c.c	-O2 -interworking	83.7500	16	structural-v1
src/nonmatching/func_02044b6c.c	-O2 -interworking	30.4689	136	structural-v1
src/nonmatching/func_02044bf4.c	-O2 -interworking	56.8000	96	structural-v1
src/nonmatching/func_02044c54.c	-O2 -interworking	52.2325	124	structural-v1
src/nonmatching/func_02044cd0.c	-O2 -interworking	30.6265	216	structural-v1
src/nonmatching/func_02044da8.c	-O2 -interworking	46.8197	120	structural-v1
src/nonmatching/func_02044e20.c	-O2 -interworking	85.0000	96	structural-v1
src/nonmatching/func_02044e80.c	-O2 -interworking	84.1573	176	structural-v1
src/nonmatching/func_02044f30.c	-O2 -interworking	59.7265	184	structural-v1
src/nonmatching/func_02045038.c	-O2 -interworking	91.0526	38	structural-v1
src/nonmatching/func_02045060.c	-O2 -interworking	58.3932	92	structural-v1
src/nonmatching/func_020450bc.c	-O2 -interworking	69.1039	30	structural-v1
src/nonmatching/func_020450dc.c	-O2 -interworking	79.0000	24	structural-v1
src/nonmatching/func_020450f4.c	-O2 -interworking	38.7162	280	structural-v1
src/nonmatching/func_02045238.c	-O2 -interworking	47.1795	232	structural-v1
src/nonmatching/func_02045320.c	-O2 -interworking	46.4220	264	structural-v1
src/nonmatching/func_02045428.c	-O2 -interworking	40.2967	484	structural-v1
src/nonmatching/func_0204560c.c	-O2 -interworking	62.9587	252	structural-v1
src/nonmatching/func_02045708.c	-O2 -interworking	93.0303	64	structural-v1
src/nonmatching/func_02045748.c	-O2 -interworking	70.9640	292	structural-v1
src/nonmatching/func_0204586c.c	-O2 -interworking	48.1265	100	structural-v1
src/nonmatching/func_020458d0.c	-O2 -interworking	91.5000	80	structural-v1
src/nonmatching/func_02045920.c	-O2 -interworking	83.3333	24	structural-v1
src/nonmatching/func_02045938.c	-O2 -interworking	60.2955	216	structural-v1
src/nonmatching/func_02045a10.c	-O2 -interworking	82.5758	44	structural-v1
src/nonmatching/func_02045ae0.c	-O2 -interworking	46.0825	192	structural-v1
src/nonmatching/func_02045ba0.c	-O2 -interworking	72.7228	176	structural-v1
src/nonmatching/func_0200093c.c	-O2 -interworking	41.8182	20	structural-v1
src/nonmatching/func_02000950.c	-O2 -interworking	19.6939	172	structural-v1
src/nonmatching/func_02000a78.c	-O2 -interworking	7.5350	232	structural-v1
src/nonmatching/func_02000be8.c	-O2 -interworking	36.4286	24	structural-v1
src/nonmatching/func_02000c0c.c	-O2 -interworking	31.9048	84	structural-v1
src/nonmatching/func_02000c60.c	-O2 -interworking	37.2727	36	structural-v1
src/nonmatching/func_02000c84.c	-O2 -interworking	15.5882	44	structural-v1
src/nonmatching/func_02000cb0.c	-O2 -interworking	16.5116	60	structural-v1
src/nonmatching/func_02000d00.c	-O2 -interworking	14.5283	200	structural-v1
src/nonmatching/func_02000de4.c	-O2 -interworking	51.4286	28	structural-v1
src/nonmatching/func_02000e00.c	-O2 -interworking	43.0769	24	structural-v1
src/nonmatching/func_02000e18.c	-O2 -interworking	22.4757	340	structural-v1
src/nonmatching/func_02000f6c.c	-O2 -interworking	10.2481	740	structural-v1
src/nonmatching/func_02001250.c	-O2 -interworking	16.4015	404	structural-v1
src/nonmatching/func_020013e4.c	-O2 -interworking	28.5484	124	structural-v1
src/nonmatching/func_02001460.c	-O2 -interworking	23.8462	40	structural-v1
src/nonmatching/func_02001488.c	-O2 -interworking	5.7447	52	structural-v1
src/nonmatching/func_020014bc.c	-O2 -interworking	58.3333	52	structural-v1
src/nonmatching/func_020014f0.c	-O2 -interworking	12.4013	884	structural-v1
src/nonmatching/func_02001864.c	-O2 -interworking	11.4641	536	structural-v1
src/nonmatching/func_02001a7c.c	-O2 -interworking	27.3333	152	structural-v1
src/nonmatching/func_02001b14.c	-O2 -interworking	43.2540	276	structural-v1
src/nonmatching/func_02001c28.c	-O2 -interworking	20.0000	44	structural-v1
src/nonmatching/func_02001c7c.c	-O2 -interworking	6.0976	52	structural-v1
src/nonmatching/func_02001cb0.c	-O2 -interworking	59.0741	216	structural-v1
src/nonmatching/func_02001d88.c	-O2 -interworking	14.7727	52	structural-v1
src/nonmatching/func_02001dbc.c	-O2 -interworking	20.0000	30	structural-v1
src/nonmatching/func_02001ddc.c	-O2 -interworking	48.6667	292	structural-v1
src/nonmatching/func_02001f00.c	-O2 -interworking	34.8718	36	structural-v1
src/nonmatching/func_02001f24.c	-O2 -interworking	45.0000	36	structural-v1
src/nonmatching/func_02001f48.c	-O2 -interworking	41.0256	34	structural-v1
src/nonmatching/func_02001f6c.c	-O2 -interworking	12.7954	956	structural-v1
src/nonmatching/func_02002328.c	-O2 -interworking	16.2707	568	structural-v1
src/nonmatching/func_02002560.c	-O2 -interworking	31.0580	332	structural-v1
src/nonmatching/func_020026ac.c	-O2 -interworking	24.5495	532	structural-v1
src/nonmatching/func_020028c0.c	-O2 -interworking	72.5000	16	structural-v1
src/nonmatching/func_020028d0.c	-O2 -interworking	72.5000	16	structural-v1
src/nonmatching/func_020028e0.c	-O2 -interworking	46.8944	44	structural-v1
src/nonmatching/func_0200290c.c	-O2 -interworking	55.2667	52	structural-v1
src/nonmatching/func_02002940.c	-O2 -interworking	40.9907	36	structural-v1
src/nonmatching/func_02002998.c	-O2 -interworking	72.0158	48	structural-v1
src/nonmatching/func_020029c8.c	-O2 -interworking	75.3636	44	structural-v1
src/nonmatching/func_020029f4.c	-O2 -interworking	84.3684	40	structural-v1
src/nonmatching/func_02002a1c.c	-O2 -interworking	70.7143	60	structural-v1
src/nonmatching/func_02002a94.c	-O2 -interworking	32.9167	48	structural-v1
src/nonmatching/func_02002ac4.c	-O2 -interworking	32.9167	48	structural-v1
src/nonmatching/func_02002af4.c	-O2 -interworking	59.3333	60	structural-v1
src/nonmatching/func_02002b30.c	-O2 -interworking	10.4167	128	structural-v1
src/nonmatching/func_02002bb0.c	-O2 -interworking	48.5688	96	structural-v1
src/nonmatching/func_02002e50.c	-O2 -interworking	33.6364	88	structural-v1
src/nonmatching/func_02002ea8.c	-O2 -interworking	47.8883	124	structural-v1
src/nonmatching/func_02002f24.c	-O2 -interworking	29.1919	184	structural-v1
src/nonmatching/func_02002fdc.c	-O2 -interworking	18.0769	400	structural-v1
src/nonmatching/func_02003170.c	-O2 -interworking	56.6667	24	structural-v1
src/nonmatching/func_02003188.c	-O2 -interworking	59.0476	128	structural-v1
src/nonmatching/func_02003350.c	-O2 -interworking	39.0514	40	structural-v1
src/nonmatching/func_02003378.c	-O2 -interworking	29.7752	56	structural-v1
src/nonmatching/func_020033b0.c	-O2 -interworking	34.4444	16	structural-v1
src/nonmatching/func_020034ac.c	-O2 -interworking	91.7033	28	structural-v1
src/nonmatching/func_020034c8.c	-O2 -interworking	20.0000	40	structural-v1
src/nonmatching/func_020034f0.c	-O2 -interworking	50.6452	64	structural-v1
src/nonmatching/func_02003530.c	-O2 -interworking	50.7899	68	structural-v1
src/nonmatching/func_02003574.c	-O2 -interworking	42.8378	160	structural-v1
src/nonmatching/func_02003630.c	-O2 -interworking	47.6190	36	structural-v1
src/nonmatching/func_02003654.c	-O2 -interworking	40.0064	100	structural-v1
src/nonmatching/func_020036b8.c	-O2 -interworking	53.8770	76	structural-v1
src/nonmatching/func_02003704.c	-O2 -interworking	37.8095	28	structural-v1
src/nonmatching/func_02003720.c	-O2 -interworking	37.8095	28	structural-v1
src/nonmatching/func_0200373c.c	-O2 -interworking	37.8095	28	structural-v1
src/nonmatching/func_02003774.c	-O2 -interworking	69.0686	108	structural-v1
src/nonmatching/func_020037e0.c	-O2 -interworking	43.7461	36	structural-v1
src/nonmatching/func_02003804.c	-O2 -interworking	81.9167	144	structural-v1
src/nonmatching/func_02003894.c	-O2 -interworking	40.9938	84	structural-v1
src/nonmatching/func_020038e8.c	-O2 -interworking	77.2333	48	structural-v1
src/nonmatching/func_02003918.c	-O2 -interworking	77.2333	48	structural-v1
src/nonmatching/func_02003948.c	-O2 -interworking	21.0909	20	structural-v1
src/nonmatching/func_0200395c.c	-O2 -interworking	29.1026	24	structural-v1
src/nonmatching/func_02003974.c	-O2 -interworking	94.2895	40	structural-v1
src/nonmatching/func_0200399c.c	-O2 -interworking	36.3850	180	structural-v1
src/nonmatching/func_02003a50.c	-O2 -interworking	68.2857	44	structural-v1
src/nonmatching/func_02003a7c.c	-O2 -interworking	68.2857	44	structural-v1
src/nonmatching/func_02003b10.c	-O2 -interworking	6.2874	148	structural-v1
src/nonmatching/func_02003bd8.c	-O2 -interworking	80.2500	32	structural-v1
src/nonmatching/func_02003c2c.c	-O2 -interworking	80.2500	32	structural-v1
src/nonmatching/func_02003dc8.c	-O2 -interworking	42.2868	116	structural-v1
src/nonmatching/func_02003e70.c	-O2 -interworking	80.2500	32	structural-v1
src/nonmatching/func_02003ec4.c	-O2 -interworking	80.2500	32	structural-v1
src/nonmatching/func_02003fcc.c	-O2 -interworking	35.6341	72	structural-v1
src/nonmatching/func_02004014.c	-O2 -interworking	49.7364	100	structural-v1
src/nonmatching/func_020040d4.c	-O2 -interworking	40.7878	92	structural-v1
src/nonmatching/func_02004130.c	-O2 -interworking	40.7878	92	structural-v1
src/nonmatching/func_0200418c.c	-O2 -interworking	49.7364	100	structural-v1
src/nonmatching/func_020041f0.c	-O2 -interworking	40.7878	92	structural-v1
src/nonmatching/func_0200424c.c	-O2 -interworking	49.7364	100	structural-v1
src/nonmatching/func_020042b0.c	-O2 -interworking	49.7364	100	structural-v1
src/nonmatching/func_020043f4.c	-O2 -interworking	37.8796	112	structural-v1
src/nonmatching/func_02004464.c	-O2 -interworking	37.8796	112	structural-v1
src/nonmatching/func_02004694.c	-O2 -interworking	38.0520	112	structural-v1
src/nonmatching/func_02004704.c	-O2 -interworking	37.8796	112	structural-v1
src/nonmatching/func_02004774.c	-O2 -interworking	37.8796	112	structural-v1
src/nonmatching/func_020047e4.c	-O2 -interworking	37.8796	112	structural-v1
src/nonmatching/func_02004a14.c	-O2 -interworking	53.1435	140	structural-v1
src/nonmatching/func_02004aa0.c	-O2 -interworking	40.3331	116	structural-v1
src/nonmatching/func_02004b14.c	-O2 -interworking	36.6176	64	structural-v1
src/nonmatching/func_02004b54.c	-O2 -interworking	50.2722	72	structural-v1
src/nonmatching/func_02004b9c.c	-O2 -interworking	37.3246	112	structural-v1
src/nonmatching/func_02004c0c.c	-O2 -interworking	36.3958	60	structural-v1
src/nonmatching/func_02004c48.c	-O2 -interworking	79.4697	24	structural-v1
src/nonmatching/func_02004c60.c	-O2 -interworking	41.8693	104	structural-v1
src/nonmatching/func_02004cc8.c	-O2 -interworking	35.8095	56	structural-v1
src/nonmatching/func_02004d00.c	-O2 -interworking	69.5455	24	structural-v1
src/nonmatching/func_02004d18.c	-O2 -interworking	41.8693	104	structural-v1
src/nonmatching/func_02004d80.c	-O2 -interworking	35.8095	56	structural-v1
src/nonmatching/func_02004db8.c	-O2 -interworking	40.0290	92	structural-v1
src/nonmatching/func_02004e14.c	-O2 -interworking	28.8700	332	structural-v1
src/nonmatching/func_02004f60.c	-O2 -interworking	36.0254	68	structural-v1
src/nonmatching/func_02004fa4.c	-O2 -interworking	41.2000	52	structural-v1
src/nonmatching/func_02004fd8.c	-O2 -interworking	37.5000	112	structural-v1
src/nonmatching/func_02005048.c	-O2 -interworking	36.0833	60	structural-v1
src/nonmatching/func_02005084.c	-O2 -interworking	39.7246	144	structural-v1
src/nonmatching/func_02005114.c	-O2 -interworking	28.8959	108	structural-v1
src/nonmatching/func_02005180.c	-O2 -interworking	38.1414	112	structural-v1
src/nonmatching/func_020051f0.c	-O2 -interworking	36.3958	60	structural-v1
src/nonmatching/func_0200522c.c	-O2 -interworking	38.2714	152	structural-v1
src/nonmatching/func_02005ae0.c	-O2 -interworking	16.6993	36	structural-v1
src/nonmatching/func_02005d48.c	-O2 -interworking	22.9091	20	structural-v1
src/nonmatching/func_02005d5c.c	-O2 -interworking	22.0000	20	structural-v1
src/nonmatching/func_02005db8.c	-O2 -interworking	22.9091	20	structural-v1
src/nonmatching/func_02005dcc.c	-O2 -interworking	22.0000	20	structural-v1
src/nonmatching/func_02005de0.c	-O2 -interworking	22.9091	20	structural-v1
src/nonmatching/func_02005df4.c	-O2 -interworking	21.0909	20	structural-v1
src/nonmatching/func_02005e08.c	-O2 -interworking	21.0909	20	structural-v1
src/nonmatching/func_02005e1c.c	-O2 -interworking	20.1316	40	structural-v1
src/nonmatching/func_02005e44.c	-O2 -interworking	20.1316	40	structural-v1
src/nonmatching/func_02005f2c.c	-O2 -interworking	21.0909	20	structural-v1
src/nonmatching/func_02005f40.c	-O2 -interworking	21.0909	20	structural-v1
src/nonmatching/func_02005fd8.c	-O2 -interworking	21.0909	20	structural-v1
src/nonmatching/func_02006064.c	-O2 -interworking	69.2857	16	structural-v1
src/nonmatching/func_02006074.c	-O2 -interworking	69.2857	16	structural-v1
src/nonmatching/func_02006094.c	-O2 -interworking	68.0357	16	structural-v1
src/nonmatching/func_020060a4.c	-O2 -interworking	68.0357	16	structural-v1
src/nonmatching/func_02006108.c	-O2 -interworking	16.9231	24	structural-v1
src/nonmatching/func_02006120.c	-O2 -interworking	16.9231	24	structural-v1
src/nonmatching/func_02006178.c	-O2 -interworking	35.4106	96	structural-v1
src/nonmatching/func_020061d8.c	-O2 -interworking	51.1173	116	structural-v1
src/nonmatching/func_02006250.c	-O2 -interworking	37.1282	136	structural-v1
src/nonmatching/func_02006370.c	-O2 -interworking	34.6616	136	structural-v1
src/nonmatching/func_020063f8.c	-O2 -interworking	40.5714	140	structural-v1
src/nonmatching/func_02006484.c	-O2 -interworking	42.5714	72	structural-v1
src/nonmatching/func_020064cc.c	-O2 -interworking	22.0588	68	structural-v1
src/nonmatching/func_02006510.c	-O2 -interworking	65.2857	44	structural-v1
src/nonmatching/func_0200653c.c	-O2 -interworking	68.4190	48	structural-v1
src/nonmatching/func_0200656c.c	-O2 -interworking	33.7549	48	structural-v1
src/nonmatching/func_0200659c.c	-O2 -interworking	65.2857	44	structural-v1
src/nonmatching/func_020065c8.c	-O2 -interworking	32.0870	52	structural-v1
src/nonmatching/func_0200660c.c	-O2 -interworking	65.0649	48	structural-v1
src/nonmatching/func_0200663c.c	-O2 -interworking	70.0000	44	structural-v1
src/nonmatching/func_02006784.c	-O2 -interworking	16.6667	16	structural-v1
src/nonmatching/func_02006808.c	-O2 -interworking	15.6667	16	structural-v1
src/nonmatching/func_02006818.c	-O2 -interworking	75.0000	108	structural-v1
src/nonmatching/func_02006894.c	-O2 -interworking	23.4167	32	structural-v1
src/nonmatching/func_020068b4.c	-O2 -interworking	17.5000	12	structural-v1
src/nonmatching/func_020068c0.c	-O2 -interworking	23.4167	32	structural-v1
src/nonmatching/func_02006910.c	-O2 -interworking	17.8022	28	structural-v1
src/nonmatching/func_0200692c.c	-O2 -interworking	17.8022	28	structural-v1
src/nonmatching/func_02006980.c	-O2 -interworking	17.4758	88	structural-v1
src/nonmatching/func_020069d8.c	-O2 -interworking	31.4773	48	structural-v1
src/nonmatching/func_02006a08.c	-O2 -interworking	70.3788	24	structural-v1
src/nonmatching/func_02006a20.c	-O2 -interworking	63.0000	120	structural-v1
src/nonmatching/func_02006a98.c	-O2 -interworking	80.7692	52	structural-v1
src/nonmatching/func_02006acc.c	-O2 -interworking	68.5000	84	structural-v1
src/nonmatching/func_02006b20.c	-O2 -interworking	79.1667	48	structural-v1
src/nonmatching/func_02006b50.c	-O2 -interworking	86.0242	92	structural-v1
src/nonmatching/func_02006bac.c	-O2 -interworking	73.0252	72	structural-v1
src/nonmatching/func_02006cb8.c	-O2 -interworking	23.5639	332	structural-v1
src/nonmatching/func_02006e04.c	-O2 -interworking	39.7475	240	structural-v1
src/nonmatching/func_02006ef4.c	-O2 -interworking	70.2917	32	structural-v1
src/nonmatching/func_02006f14.c	-O2 -interworking	60.8510	88	structural-v1
src/nonmatching/func_02006f6c.c	-O2 -interworking	47.7249	56	structural-v1
src/nonmatching/func_02006fa4.c	-O2 -interworking	72.0870	92	structural-v1
src/nonmatching/func_02007000.c	-O2 -interworking	79.0641	80	structural-v1
src/nonmatching/func_02007050.c	-O2 -interworking	77.2000	104	structural-v1
src/nonmatching/func_020070b8.c	-O2 -interworking	81.5000	40	structural-v1
src/nonmatching/func_020070e0.c	-O2 -interworking	31.0526	44	structural-v1
src/nonmatching/func_0200710c.c	-O2 -interworking	73.5714	28	structural-v1
src/nonmatching/func_02007128.c	-O2 -interworking	32.5216	168	structural-v1
src/nonmatching/func_020071d0.c	-O2 -interworking	50.2134	160	structural-v1
src/nonmatching/func_02007290.c	-O2 -interworking	63.4737	40	structural-v1
src/nonmatching/func_020072c8.c	-O2 -interworking	40.0000	48	structural-v1
src/nonmatching/func_020072f8.c	-O2 -interworking	57.8769	52	structural-v1
src/nonmatching/func_02007334.c	-O2 -interworking	77.9630	108	structural-v1
src/nonmatching/func_020073ec.c	-O2 -interworking	19.1133	68	structural-v1
src/nonmatching/func_02007430.c	-O2 -interworking	43.2804	52	structural-v1
src/nonmatching/func_02007464.c	-O2 -interworking	43.0769	24	structural-v1
src/nonmatching/func_0200747c.c	-O2 -interworking	89.1667	24	structural-v1
src/nonmatching/func_02007494.c	-O2 -interworking	54.3750	160	structural-v1
src/nonmatching/func_02007534.c	-O2 -interworking	50.6667	36	structural-v1
src/nonmatching/func_02007558.c	-O2 -interworking	50.7372	80	structural-v1
src/nonmatching/func_020075a8.c	-O2 -interworking	32.0000	16	structural-v1
src/nonmatching/func_020075b8.c	-O2 -interworking	76.3636	72	structural-v1
src/nonmatching/func_02007600.c	-O2 -interworking	72.0286	148	structural-v1
src/nonmatching/func_0200776c.c	-O2 -interworking	64.4444	36	structural-v1
src/nonmatching/func_020077b4.c	-O2 -interworking	18.6842	52	structural-v1
src/nonmatching/func_020077e8.c	-O2 -interworking	21.2500	28	structural-v1
src/nonmatching/func_02007804.c	-O2 -interworking	21.2500	28	structural-v1
src/nonmatching/func_02007820.c	-O2 -interworking	16.6667	36	structural-v1
src/nonmatching/func_02007844.c	-O2 -interworking	25.0000	12	structural-v1
src/nonmatching/func_02007850.c	-O2 -interworking	25.0000	12	structural-v1
src/nonmatching/func_0200785c.c	-O2 -interworking	21.2500	28	structural-v1
src/nonmatching/func_02007898.c	-O2 -interworking	17.5000	12	structural-v1
src/nonmatching/func_020078ec.c	-O2 -interworking	37.0648	284	structural-v1
src/nonmatching/func_02007a08.c	-O2 -interworking	58.0000	72	structural-v1
src/nonmatching/func_02007a78.c	-O2 -interworking	37.6728	224	structural-v1
src/nonmatching/func_02007b58.c	-O2 -interworking	39.3498	164	structural-v1
src/nonmatching/func_02007c24.c	-O2 -interworking	90.5556	108	structural-v1
src/nonmatching/func_02007c90.c	-O2 -interworking	76.0000	20	structural-v1
src/nonmatching/func_02007ca4.c	-O2 -interworking	85.7143	28	structural-v1
src/nonmatching/func_02007ce8.c	-O2 -interworking	81.2195	168	structural-v1
src/nonmatching/func_02007d90.c	-O2 -interworking	51.3636	264	structural-v1
src/nonmatching/func_02007f00.c	-O2 -interworking	10.0000	16	structural-v1
src/nonmatching/func_02007f10.c	-O2 -interworking	31.2821	20	structural-v1
src/nonmatching/func_02007f24.c	-O2 -interworking	10.0000	16	structural-v1
src/nonmatching/func_02007f34.c	-O2 -interworking	10.0000	16	structural-v1
src/nonmatching/func_02007f44.c	-O2 -interworking	8.0000	16	structural-v1
src/nonmatching/func_02007f54.c	-O2 -interworking	2.7273	16	structural-v1
src/nonmatching/func_02007f64.c	-O2 -interworking	9.0000	16	structural-v1
src/nonmatching/func_02007f74.c	-O2 -interworking	4.5455	16	structural-v1
src/nonmatching/func_02007f84.c	-O2 -interworking	4.6154	20	structural-v1
src/nonmatching/func_02007f98.c	-O2 -interworking	9.0000	16	structural-v1
src/nonmatching/func_02007fa8.c	-O2 -interworking	4.5455	16	structural-v1
src/nonmatching/func_02007fb8.c	-O2 -interworking	58.0000	28	structural-v1
src/nonmatching/func_02008054.c	-O2 -interworking	40.4000	40	structural-v1
src/nonmatching/func_020080e4.c	-O2 -interworking	69.2857	16	structural-v1
src/nonmatching/func_02008168.c	-O2 -interworking	31.8182	20	structural-v1
src/nonmatching/func_020081fc.c	-O2 -interworking	30.5628	124	structural-v1
src/nonmatching/func_02008278.c	-O2 -interworking	41.6374	36	structural-v1
src/nonmatching/func_0200829c.c	-O2 -interworking	29.1967	112	structural-v1
src/nonmatching/func_0200830c.c	-O2 -interworking	34.4444	16	structural-v1
src/nonmatching/func_0200831c.c	-O2 -interworking	33.7955	104	structural-v1
src/nonmatching/func_02008384.c	-O2 -interworking	19.4087	160	structural-v1
src/nonmatching/func_02008424.c	-O2 -interworking	30.8646	136	structural-v1
src/nonmatching/func_020084ac.c	-O2 -interworking	35.4444	16	structural-v1
src/nonmatching/func_020084cc.c	-O2 -interworking	38.8859	296	structural-v1
src/nonmatching/func_020085f4.c	-O2 -interworking	39.4545	108	structural-v1
src/nonmatching/func_02008660.c	-O2 -interworking	28.8889	16	structural-v1
src/nonmatching/func_02008670.c	-O2 -interworking	38.0086	236	structural-v1
src/nonmatching/func_0200875c.c	-O2 -interworking	30.8606	64	structural-v1
src/nonmatching/func_0200879c.c	-O2 -interworking	67.9570	124	structural-v1
src/nonmatching/func_02008818.c	-O2 -interworking	53.2143	56	structural-v1
src/nonmatching/func_02008850.c	-O2 -interworking	76.6539	56	structural-v1
src/nonmatching/func_0200889c.c	-O2 -interworking	68.1781	140	structural-v1
src/nonmatching/func_02008ad0.c	-O2 -interworking	36.3415	76	structural-v1
src/nonmatching/func_02008b1c.c	-O2 -interworking	36.6250	60	structural-v1
src/nonmatching/func_02008b58.c	-O2 -interworking	22.8571	20	structural-v1
src/nonmatching/func_02008b6c.c	-O2 -interworking	34.0000	20	structural-v1
src/nonmatching/func_02008b80.c	-O2 -interworking	27.5000	24	structural-v1
src/nonmatching/func_02008b98.c	-O2 -interworking	34.0000	20	structural-v1
src/nonmatching/func_02008bac.c	-O2 -interworking	27.5000	24	structural-v1
src/nonmatching/func_02008bc4.c	-O2 -interworking	44.0000	12	structural-v1
src/nonmatching/func_02008bd0.c	-O2 -interworking	44.0000	12	structural-v1
src/nonmatching/func_02008bdc.c	-O2 -interworking	20.8333	12	structural-v1
src/nonmatching/func_02008be8.c	-O2 -interworking	70.7143	28	structural-v1
src/nonmatching/func_02008c04.c	-O2 -interworking	34.6667	32	structural-v1
src/nonmatching/func_02008c24.c	-O2 -interworking	86.2500	16	structural-v1
src/nonmatching/func_02008c34.c	-O2 -interworking	79.0000	12	structural-v1
src/nonmatching/func_02008c40.c	-O2 -interworking	62.0476	84	structural-v1
src/nonmatching/func_02008c94.c	-O2 -interworking	50.5216	104	structural-v1
src/nonmatching/func_02008d98.c	-O2 -interworking	21.0000	8	structural-v1
src/nonmatching/func_02008da0.c	-O2 -interworking	38.3846	52	structural-v1
src/nonmatching/func_02008dd4.c	-O2 -interworking	29.2097	132	structural-v1
src/nonmatching/func_02008e58.c	-O2 -interworking	51.9746	48	structural-v1
src/nonmatching/func_02008e88.c	-O2 -interworking	58.7500	16	structural-v1
src/nonmatching/func_02008e98.c	-O2 -interworking	25.0000	12	structural-v1
src/nonmatching/func_02008eb8.c	-O2 -interworking	16.6667	16	structural-v1
src/nonmatching/func_02008ec8.c	-O2 -interworking	41.1392	168	structural-v1
src/nonmatching/func_02008f70.c	-O2 -interworking	83.6667	60	structural-v1
src/nonmatching/func_02008fac.c	-O2 -interworking	64.5000	40	structural-v1
src/nonmatching/func_02008fd4.c	-O2 -interworking	60.7143	16	structural-v1
src/nonmatching/func_020091b4.c	-O2 -interworking	29.6183	264	structural-v1
src/nonmatching/func_020092bc.c	-O2 -interworking	30.6923	252	structural-v1
src/nonmatching/func_0200947c.c	-O2 -interworking	74.0000	40	structural-v1
src/nonmatching/func_020094a4.c	-O2 -interworking	56.7568	140	structural-v1
src/nonmatching/func_02009530.c	-O2 -interworking	68.7805	84	structural-v1
src/nonmatching/func_02009584.c	-O2 -interworking	32.7839	236	structural-v1
src/nonmatching/func_02009670.c	-O2 -interworking	48.2102	180	structural-v1
src/nonmatching/func_02009784.c	-O2 -interworking	46.1922	188	structural-v1
src/nonmatching/func_02009840.c	-O2 -interworking	85.3896	44	structural-v1
src/nonmatching/func_0200986c.c	-O2 -interworking	53.8462	24	structural-v1
src/nonmatching/func_02009884.c	-O2 -interworking	50.0000	28	structural-v1
src/nonmatching/func_020098a0.c	-O2 -interworking	41.8182	20	structural-v1
src/nonmatching/func_020098b4.c	-O2 -interworking	35.3846	24	structural-v1
src/nonmatching/func_020098cc.c	-O2 -interworking	35.3846	24	structural-v1
src/nonmatching/func_020098e4.c	-O2 -interworking	17.9487	76	structural-v1
src/nonmatching/func_02009930.c	-O2 -interworking	14.4444	56	structural-v1
src/nonmatching/func_02009984.c	-O2 -interworking	3.1034	28	structural-v1
src/nonmatching/func_020099a0.c	-O2 -interworking	2.4324	36	structural-v1
src/nonmatching/func_020099c4.c	-O2 -interworking	7.3810	44	structural-v1
src/nonmatching/func_020099f0.c	-O2 -interworking	46.0976	148	structural-v1
src/nonmatching/func_02009a84.c	-O2 -interworking	19.2893	228	structural-v1
src/nonmatching/func_02009b68.c	-O2 -interworking	25.2121	304	structural-v1
src/nonmatching/func_02009c98.c	-O2 -interworking	4.6208	164	structural-v1
src/nonmatching/func_02009f88.c	-O2 -interworking	21.0526	14	structural-v1
src/nonmatching/func_02009f98.c	-O2 -interworking	36.6667	8	structural-v1
src/nonmatching/func_02009fa0.c	-O2 -interworking	17.8906	224	structural-v1
src/nonmatching/func_0200a0fc.c	-O2 -interworking	32.8125	68	structural-v1
src/nonmatching/func_0200a140.c	-O2 -interworking	20.0513	388	structural-v1
src/nonmatching/func_0200a2c4.c	-O2 -interworking	78.3333	24	structural-v1
src/nonmatching/func_0200a2dc.c	-O2 -interworking	93.1250	32	structural-v1
src/nonmatching/func_0200a2fc.c	-O2 -interworking	94.5000	40	structural-v1
src/nonmatching/func_0200a324.c	-O2 -interworking	93.1250	32	structural-v1
src/nonmatching/func_0200a344.c	-O2 -interworking	93.1250	32	structural-v1
src/nonmatching/func_0200a364.c	-O2 -interworking	46.9524	24	structural-v1
src/nonmatching/func_0200a37c.c	-O2 -interworking	46.9524	24	structural-v1
src/nonmatching/func_0200a394.c	-O2 -interworking	94.5000	40	structural-v1
src/nonmatching/func_0200a3bc.c	-O2 -interworking	92.1429	28	structural-v1
src/nonmatching/func_0200a3d8.c	-O2 -interworking	94.5000	40	structural-v1
src/nonmatching/func_0200a400.c	-O2 -interworking	94.5000	40	structural-v1
src/nonmatching/func_0200a428.c	-O2 -interworking	87.4000	100	structural-v1
src/nonmatching/func_0200a48c.c	-O2 -interworking	48.8235	64	structural-v1
src/nonmatching/func_0200a4cc.c	-O2 -interworking	93.1250	32	structural-v1
src/nonmatching/func_0200a4ec.c	-O2 -interworking	93.1250	32	structural-v1
src/nonmatching/func_0200a50c.c	-O2 -interworking	94.5000	40	structural-v1
src/nonmatching/func_0200a534.c	-O2 -interworking	93.1250	32	structural-v1
src/nonmatching/func_0200a554.c	-O2 -interworking	46.1111	76	structural-v1
src/nonmatching/func_0200a5a0.c	-O2 -interworking	93.1250	32	structural-v1
src/nonmatching/func_0200a5c0.c	-O2 -interworking	93.1250	32	structural-v1
src/nonmatching/func_0200a5e0.c	-O2 -interworking	93.1250	32	structural-v1
src/nonmatching/func_0200a600.c	-O2 -interworking	93.1250	32	structural-v1
src/nonmatching/func_0200a620.c	-O2 -interworking	94.5000	40	structural-v1
src/nonmatching/func_0200a648.c	-O2 -interworking	94.5000	40	structural-v1
src/nonmatching/func_0200a670.c	-O2 -interworking	94.5000	40	structural-v1
src/nonmatching/func_0200a698.c	-O2 -interworking	93.7500	32	structural-v1
src/nonmatching/func_0200a6b8.c	-O2 -interworking	93.5294	68	structural-v1
src/nonmatching/func_0200a6fc.c	-O2 -interworking	52.9915	56	structural-v1
src/nonmatching/func_0200a734.c	-O2 -interworking	21.0909	20	structural-v1
src/nonmatching/func_0200a748.c	-O2 -interworking	21.0909	20	structural-v1
src/nonmatching/func_0200a82c.c	-O2 -interworking	50.3735	256	structural-v1
src/nonmatching/func_0200a92c.c	-O2 -interworking	62.5373	136	structural-v1
src/nonmatching/func_0200a9b4.c	-O2 -interworking	48.4975	56	structural-v1
src/nonmatching/func_0200a9ec.c	-O2 -interworking	41.0218	412	structural-v1
src/nonmatching/func_0200ab88.c	-O2 -interworking	81.2963	108	structural-v1
src/nonmatching/func_0200abf4.c	-O2 -interworking	61.2554	44	structural-v1
src/nonmatching/func_0200ac20.c	-O2 -interworking	27.8804	80	structural-v1
src/nonmatching/func_0200ac70.c	-O2 -interworking	57.0197	60	structural-v1
src/nonmatching/func_0200acac.c	-O2 -interworking	56.6749	60	structural-v1
src/nonmatching/func_0200ace8.c	-O2 -interworking	81.4286	28	structural-v1
src/nonmatching/func_0200ad04.c	-O2 -interworking	79.4444	36	structural-v1
src/nonmatching/func_0200ad28.c	-O2 -interworking	73.6310	100	structural-v1
src/nonmatching/func_0200ad8c.c	-O2 -interworking	89.5000	40	structural-v1
src/nonmatching/func_0200adb4.c	-O2 -interworking	47.7619	72	structural-v1
src/nonmatching/func_0200adfc.c	-O2 -interworking	47.7319	64	structural-v1
src/nonmatching/func_0200ae3c.c	-O2 -interworking	37.3333	56	structural-v1
src/nonmatching/func_0200ae74.c	-O2 -interworking	81.5000	32	structural-v1
src/nonmatching/func_0200ae94.c	-O2 -interworking	56.0684	48	structural-v1
src/nonmatching/func_0200aec4.c	-O2 -interworking	76.4528	68	structural-v1
src/nonmatching/func_0200af08.c	-O2 -interworking	54.8571	40	structural-v1
src/nonmatching/func_0200af30.c	-O2 -interworking	49.8830	36	structural-v1
src/nonmatching/func_0200af54.c	-O2 -interworking	31.4728	124	structural-v1
src/nonmatching/func_0200afd0.c	-O2 -interworking	35.9846	112	structural-v1
src/nonmatching/func_0200b040.c	-O2 -interworking	40.5155	208	structural-v1
src/nonmatching/func_0200b110.c	-O2 -interworking	37.1429	152	structural-v1
src/nonmatching/func_0200b1a8.c	-O2 -interworking	74.2857	72	structural-v1
src/nonmatching/func_0200b1f0.c	-O2 -interworking	66.6667	32	structural-v1
src/nonmatching/func_0200b210.c	-O2 -interworking	20.9859	428	structural-v1
src/nonmatching/func_0200b3c4.c	-O2 -interworking	74.8000	52	structural-v1
src/nonmatching/func_0200b3f8.c	-O2 -interworking	73.7931	60	structural-v1
src/nonmatching/func_0200b434.c	-O2 -interworking	17.5000	12	structural-v1
src/nonmatching/func_0200b53c.c	-O2 -interworking	25.9798	76	structural-v1
src/nonmatching/func_0200b588.c	-O2 -interworking	29.4444	36	structural-v1
src/nonmatching/func_0200b5ac.c	-O2 -interworking	23.5662	120	structural-v1
src/nonmatching/func_0200b724.c	-O2 -interworking	44.3333	40	structural-v1
src/nonmatching/func_0200b74c.c	-O2 -interworking	80.1235	164	structural-v1
src/nonmatching/func_0200b7f0.c	-O2 -interworking	75.1163	88	structural-v1
src/nonmatching/func_0200b848.c	-O2 -interworking	28.9070	896	structural-v1
src/nonmatching/func_0200bbc8.c	-O2 -interworking	49.7183	428	structural-v1
src/nonmatching/func_0200bd74.c	-O2 -interworking	85.4545	132	structural-v1
src/nonmatching/func_0200bdf8.c	-O2 -interworking	76.7692	132	structural-v1
src/nonmatching/func_0200be7c.c	-O2 -interworking	52.4837	312	structural-v1
src/nonmatching/func_0200bfb4.c	-O2 -interworking	42.3984	140	structural-v1
src/nonmatching/func_0200c040.c	-O2 -interworking	34.1906	212	structural-v1
src/nonmatching/func_0200c114.c	-O2 -interworking	73.9583	96	structural-v1
src/nonmatching/func_0200c45c.c	-O2 -interworking	37.6190	36	structural-v1
src/nonmatching/func_0200c480.c	-O2 -interworking	35.4245	256	structural-v1
src/nonmatching/func_0200c590.c	-O2 -interworking	47.0588	72	structural-v1
src/nonmatching/func_0200c5d8.c	-O2 -interworking	50.5970	144	structural-v1
src/nonmatching/func_0200c668.c	-O2 -interworking	62.5581	92	structural-v1
src/nonmatching/func_0200c6c4.c	-O2 -interworking	83.7037	108	structural-v1
src/nonmatching/func_0200c730.c	-O2 -interworking	43.1579	164	structural-v1
src/nonmatching/func_0200c7d4.c	-O2 -interworking	76.4516	64	structural-v1
src/nonmatching/func_0200c814.c	-O2 -interworking	49.0244	84	structural-v1
src/nonmatching/func_0200c868.c	-O2 -interworking	46.8000	52	structural-v1
src/nonmatching/func_0200c89c.c	-O2 -interworking	76.5714	68	structural-v1
src/nonmatching/func_0200c8e0.c	-O2 -interworking	90.9091	44	structural-v1
src/nonmatching/func_0200c90c.c	-O2 -interworking	44.0625	72	structural-v1
src/nonmatching/func_0200c954.c	-O2 -interworking	35.7627	140	structural-v1
src/nonmatching/func_0200c9e0.c	-O2 -interworking	51.5385	64	structural-v1
src/nonmatching/func_0200ca20.c	-O2 -interworking	40.5556	88	structural-v1
src/nonmatching/func_0200ca78.c	-O2 -interworking	44.3548	132	structural-v1
src/nonmatching/func_0200cafc.c	-O2 -interworking	43.9744	20	structural-v1
src/nonmatching/func_0200cb10.c	-O2 -interworking	70.5263	44	structural-v1
src/nonmatching/func_0200cb3c.c	-O2 -interworking	57.5556	88	structural-v1
src/nonmatching/func_0200cb94.c	-O2 -interworking	70.5263	44	structural-v1
src/nonmatching/func_0200cbc0.c	-O2 -interworking	61.2821	84	structural-v1
src/nonmatching/func_0200cc14.c	-O2 -interworking	66.6667	120	structural-v1
src/nonmatching/func_0200cc8c.c	-O2 -interworking	32.0000	16	structural-v1
src/nonmatching/func_0200cd18.c	-O2 -interworking	50.7692	28	structural-v1
src/nonmatching/func_0200cd34.c	-O2 -interworking	87.0000	60	structural-v1
src/nonmatching/func_0200cd70.c	-O2 -interworking	30.6618	44	structural-v1
src/nonmatching/func_0200cd9c.c	-O2 -interworking	22.8711	352	structural-v1
src/nonmatching/func_0200cefc.c	-O2 -interworking	37.3016	128	structural-v1
src/nonmatching/func_0200cf7c.c	-O2 -interworking	73.3710	192	structural-v1
src/nonmatching/func_0200d03c.c	-O2 -interworking	53.9188	240	structural-v1
src/nonmatching/func_0200d12c.c	-O2 -interworking	34.1539	240	structural-v1
src/nonmatching/func_0200d21c.c	-O2 -interworking	83.7500	16	structural-v1
src/nonmatching/func_0200d22c.c	-O2 -interworking	50.9756	84	structural-v1
src/nonmatching/func_0200d280.c	-O2 -interworking	58.6111	76	structural-v1
src/nonmatching/func_0200d2cc.c	-O2 -interworking	76.8750	96	structural-v1
src/nonmatching/func_0200d32c.c	-O2 -interworking	51.2500	44	structural-v1
src/nonmatching/func_0200d358.c	-O2 -interworking	22.2830	156	structural-v1
src/nonmatching/func_0200d520.c	-O2 -interworking	33.0350	532	structural-v1
src/nonmatching/func_0200d734.c	-O2 -interworking	28.0745	892	structural-v1
src/nonmatching/func_0200dab0.c	-O2 -interworking	43.4426	136	structural-v1
src/nonmatching/func_0200db5c.c	-O2 -interworking	48.5185	48	structural-v1
src/nonmatching/func_0200db8c.c	-O2 -interworking	48.5185	48	structural-v1
src/nonmatching/func_0200dbc4.c	-O2 -interworking	46.3138	208	structural-v1
src/nonmatching/func_0200dc94.c	-O2 -interworking	85.1429	68	structural-v1
src/nonmatching/func_0200dcd8.c	-O2 -interworking	85.1429	68	structural-v1
src/nonmatching/func_0200dd1c.c	-O2 -interworking	57.7778	88	structural-v1
src/nonmatching/func_0200dd74.c	-O2 -interworking	53.3094	296	structural-v1
src/nonmatching/func_0200de9c.c	-O2 -interworking	30.0000	140	structural-v1
src/nonmatching/func_0200df28.c	-O2 -interworking	70.5556	68	structural-v1
src/nonmatching/func_0200df6c.c	-O2 -interworking	68.9189	72	structural-v1
src/nonmatching/func_0200dfb4.c	-O2 -interworking	67.2727	84	structural-v1
src/nonmatching/func_0200e008.c	-O2 -interworking	64.1667	48	structural-v1
src/nonmatching/func_0200e038.c	-O2 -interworking	41.7391	52	structural-v1
src/nonmatching/func_0200e06c.c	-O2 -interworking	41.7391	52	structural-v1
src/nonmatching/func_0200e0a0.c	-O2 -interworking	41.7391	52	structural-v1
src/nonmatching/func_0200e0d4.c	-O2 -interworking	41.7391	52	structural-v1
src/nonmatching/func_0200e108.c	-O2 -interworking	85.6410	80	structural-v1
src/nonmatching/func_0200e1fc.c	-O2 -interworking	95.0000	48	structural-v1
src/nonmatching/func_0200e238.c	-O2 -interworking	59.0698	88	structural-v1
src/nonmatching/func_0200e2a8.c	-O2 -interworking	62.8966	300	structural-v1
src/nonmatching/func_0200e3d4.c	-O2 -interworking	43.0769	80	structural-v1
src/nonmatching/func_0200e424.c	-O2 -interworking	83.8095	40	structural-v1
src/nonmatching/func_0200e44c.c	-O2 -interworking	85.2174	44	structural-v1
src/nonmatching/func_0200e478.c	-O2 -interworking	34.2288	108	structural-v1
src/nonmatching/func_0200e4e4.c	-O2 -interworking	89.0927	64	structural-v1
src/nonmatching/func_0200e524.c	-O2 -interworking	89.0927	64	structural-v1
src/nonmatching/func_0200e564.c	-O2 -interworking	93.7500	32	structural-v1
src/nonmatching/func_0200e584.c	-O2 -interworking	55.5696	320	structural-v1
src/nonmatching/func_0200e6c4.c	-O2 -interworking	55.8065	132	structural-v1
src/nonmatching/func_0200e77c.c	-O2 -interworking	86.1111	36	structural-v1
src/nonmatching/func_0200e7a0.c	-O2 -interworking	74.0463	72	structural-v1
src/nonmatching/func_0200e7e8.c	-O2 -interworking	57.2816	112	structural-v1
src/nonmatching/func_0200e884.c	-O2 -interworking	31.1985	340	structural-v1
src/nonmatching/func_0200e9d8.c	-O2 -interworking	32.9690	80	structural-v1
src/nonmatching/func_0200ea28.c	-O2 -interworking	30.6618	32	structural-v1
src/nonmatching/func_0200ea48.c	-O2 -interworking	67.1146	48	structural-v1
src/nonmatching/func_0200ea78.c	-O2 -interworking	61.7100	44	structural-v1
src/nonmatching/func_0200eaa4.c	-O2 -interworking	84.8214	16	structural-v1
src/nonmatching/func_0200eaf4.c	-O2 -interworking	22.5223	60	structural-v1
src/nonmatching/func_0200eb30.c	-O2 -interworking	31.3345	628	structural-v1
src/nonmatching/func_0200eda4.c	-O2 -interworking	53.3454	116	structural-v1
src/nonmatching/func_0200ee18.c	-O2 -interworking	39.3061	148	structural-v1
src/nonmatching/func_0200eeac.c	-O2 -interworking	25.6341	240	structural-v1
src/nonmatching/func_0200ef9c.c	-O2 -interworking	60.5000	32	structural-v1
src/nonmatching/func_0200efbc.c	-O2 -interworking	35.0997	156	structural-v1
src/nonmatching/func_0200f058.c	-O2 -interworking	60.7051	76	structural-v1
src/nonmatching/func_0200f290.c	-O2 -interworking	32.7467	284	structural-v1
src/nonmatching/func_0200f3ac.c	-O2 -interworking	57.7895	132	structural-v1
src/nonmatching/func_0200f43c.c	-O2 -interworking	56.8376	48	structural-v1
src/nonmatching/func_0200f46c.c	-O2 -interworking	1.4286	52	structural-v1
src/nonmatching/func_0200f4a0.c	-O2 -interworking	50.4939	148	structural-v1
src/nonmatching/func_0200f534.c	-O2 -interworking	56.3238	136	structural-v1
src/nonmatching/func_0200f5bc.c	-O2 -interworking	75.5874	132	structural-v1
src/nonmatching/func_0200f640.c	-O2 -interworking	23.3706	196	structural-v1
src/nonmatching/func_0200f704.c	-O2 -interworking	45.7060	140	structural-v1
src/nonmatching/func_0200f790.c	-O2 -interworking	50.3226	72	structural-v1
src/nonmatching/func_0200f7d8.c	-O2 -interworking	46.1905	56	structural-v1
src/nonmatching/func_0200f810.c	-O2 -interworking	54.4186	100	structural-v1
src/nonmatching/func_0200f874.c	-O2 -interworking	56.2846	40	structural-v1
src/nonmatching/func_0200f89c.c	-O2 -interworking	88.9684	136	structural-v1
src/nonmatching/func_0200f924.c	-O2 -interworking	56.2846	40	structural-v1
src/nonmatching/func_0200f94c.c	-O2 -interworking	88.6364	44	structural-v1
src/nonmatching/func_0200f978.c	-O2 -interworking	45.1961	76	structural-v1
src/nonmatching/func_0200f9c4.c	-O2 -interworking	43.8916	60	structural-v1
src/nonmatching/func_0200fa00.c	-O2 -interworking	77.3913	48	structural-v1
src/nonmatching/func_0200fa30.c	-O2 -interworking	67.1429	96	structural-v1
src/nonmatching/func_0200fa90.c	-O2 -interworking	89.5455	44	structural-v1
src/nonmatching/func_0200fabc.c	-O2 -interworking	47.9678	148	structural-v1
src/nonmatching/func_0200fe3c.c	-O2 -interworking	26.0307	512	structural-v1
src/nonmatching/func_0201003c.c	-O2 -interworking	70.3333	60	structural-v1
src/nonmatching/func_02010078.c	-O2 -interworking	77.2527	28	structural-v1
src/nonmatching/func_02010120.c	-O2 -interworking	47.9545	88	structural-v1
src/nonmatching/func_02010178.c	-O2 -interworking	95.0000	40	structural-v1
src/nonmatching/func_020101a0.c	-O2 -interworking	45.5147	32	structural-v1
src/nonmatching/func_020101c0.c	-O2 -interworking	45.5147	32	structural-v1
src/nonmatching/func_020101e0.c	-O2 -interworking	34.8718	24	structural-v1
src/nonmatching/func_020101f8.c	-O2 -interworking	34.8718	24	structural-v1
src/nonmatching/func_02010210.c	-O2 -interworking	67.6402	168	structural-v1
src/nonmatching/func_020102b8.c	-O2 -interworking	40.9091	28	structural-v1
src/nonmatching/func_020102d4.c	-O2 -interworking	44.9063	108	structural-v1
src/nonmatching/func_02010340.c	-O2 -interworking	42.1496	124	structural-v1
src/nonmatching/func_020103bc.c	-O2 -interworking	63.7165	56	structural-v1
src/nonmatching/func_020103f4.c	-O2 -interworking	21.0535	1088	structural-v1
src/nonmatching/func_02010834.c	-O2 -interworking	54.2593	104	structural-v1
src/nonmatching/func_020108ac.c	-O2 -interworking	61.2879	24	structural-v1
src/nonmatching/func_020108c4.c	-O2 -interworking	32.9091	16	structural-v1
src/nonmatching/func_020108d4.c	-O2 -interworking	32.9091	16	structural-v1
src/nonmatching/func_02010910.c	-O2 -interworking	53.3225	148	structural-v1
src/nonmatching/func_020109bc.c	-O2 -interworking	56.6951	92	structural-v1
src/nonmatching/func_02010a18.c	-O2 -interworking	23.3760	188	structural-v1
src/nonmatching/func_02010ad4.c	-O2 -interworking	48.2418	28	structural-v1
src/nonmatching/func_02010af0.c	-O2 -interworking	55.3333	88	structural-v1
src/nonmatching/func_02010b48.c	-O2 -interworking	43.6364	68	structural-v1
src/nonmatching/func_02010b8c.c	-O2 -interworking	49.4845	208	structural-v1
src/nonmatching/func_02010c5c.c	-O2 -interworking	16.3889	12	structural-v1
src/nonmatching/func_02010c68.c	-O2 -interworking	43.1884	156	structural-v1
src/nonmatching/func_02010d04.c	-O2 -interworking	36.2745	200	structural-v1
src/nonmatching/func_02010dcc.c	-O2 -interworking	39.5000	52	structural-v1
src/nonmatching/func_02010e00.c	-O2 -interworking	35.0000	124	structural-v1
src/nonmatching/func_02010e7c.c	-O2 -interworking	91.9424	280	structural-v1
src/nonmatching/func_02010f94.c	-O2 -interworking	15.5556	48	structural-v1
src/nonmatching/func_02010fc4.c	-O2 -interworking	27.8947	112	structural-v1
src/nonmatching/func_02011034.c	-O2 -interworking	17.5977	1300	structural-v1
src/nonmatching/func_02011548.c	-O2 -interworking	20.2809	1020	structural-v1
src/nonmatching/func_02011944.c	-O2 -interworking	51.8182	48	structural-v1
src/nonmatching/func_02011974.c	-O2 -interworking	49.9244	584	structural-v1
src/nonmatching/func_020123dc.c	-O2 -interworking	43.7363	180	structural-v1
src/nonmatching/func_02012490.c	-O2 -interworking	60.4110	136	structural-v1
src/nonmatching/func_02012518.c	-O2 -interworking	19.4309	412	structural-v1
src/nonmatching/func_020126b4.c	-O2 -interworking	17.3923	740	structural-v1
src/nonmatching/func_02012dc8.c	-O2 -interworking	53.1010	88	structural-v1
src/nonmatching/func_02012e3c.c	-O2 -interworking	32.6923	244	structural-v1
src/nonmatching/func_02012f30.c	-O2 -interworking	84.8214	16	structural-v1
src/nonmatching/func_02012f40.c	-O2 -interworking	78.3333	24	structural-v1
src/nonmatching/func_02012f58.c	-O2 -interworking	84.8214	16	structural-v1
src/nonmatching/func_02012f68.c	-O2 -interworking	89.1111	20	structural-v1
src/nonmatching/func_02012f7c.c	-O2 -interworking	79.0000	12	structural-v1
src/nonmatching/func_02012f88.c	-O2 -interworking	79.0000	12	structural-v1
src/nonmatching/func_02012f94.c	-O2 -interworking	16.1702	112	structural-v1
src/nonmatching/func_02013004.c	-O2 -interworking	82.8571	28	structural-v1
src/nonmatching/func_02013020.c	-O2 -interworking	32.9091	16	structural-v1
src/nonmatching/func_02013030.c	-O2 -interworking	77.5000	40	structural-v1
src/nonmatching/func_02013058.c	-O2 -interworking	44.2546	120	structural-v1
src/nonmatching/func_020130d0.c	-O2 -interworking	38.6080	128	structural-v1
src/nonmatching/func_02013150.c	-O2 -interworking	89.1667	24	structural-v1
src/nonmatching/func_02013168.c	-O2 -interworking	44.9265	32	structural-v1
src/nonmatching/func_02013188.c	-O2 -interworking	83.2967	28	structural-v1
src/nonmatching/func_020131a4.c	-O2 -interworking	44.7895	40	structural-v1
src/nonmatching/func_020131cc.c	-O2 -interworking	34.5588	76	structural-v1
src/nonmatching/func_02013218.c	-O2 -interworking	76.2963	112	structural-v1
src/nonmatching/func_020132fc.c	-O2 -interworking	36.8684	76	structural-v1
src/nonmatching/func_02013348.c	-O2 -interworking	53.0508	120	structural-v1
src/nonmatching/func_020133c0.c	-O2 -interworking	89.7368	76	structural-v1
src/nonmatching/func_0201340c.c	-O2 -interworking	42.6560	60	structural-v1
src/nonmatching/func_02013448.c	-O2 -interworking	60.7143	28	structural-v1
src/nonmatching/func_02013464.c	-O2 -interworking	36.4444	92	structural-v1
src/nonmatching/func_020134c0.c	-O2 -interworking	68.5440	52	structural-v1
src/nonmatching/func_02013644.c	-O2 -interworking	71.0950	408	structural-v1
src/nonmatching/func_020137dc.c	-O2 -interworking	23.7933	840	structural-v1
src/nonmatching/func_02013b24.c	-O2 -interworking	50.9175	80	structural-v1
src/nonmatching/func_02013b74.c	-O2 -interworking	74.7500	80	structural-v1
src/nonmatching/func_02013bc4.c	-O2 -interworking	72.1368	108	structural-v1
src/nonmatching/func_02013c30.c	-O2 -interworking	44.9892	64	structural-v1
src/nonmatching/func_02013c70.c	-O2 -interworking	88.1111	20	structural-v1
src/nonmatching/func_02013c84.c	-O2 -interworking	88.1111	20	structural-v1
src/nonmatching/func_02013c98.c	-O2 -interworking	88.1111	20	structural-v1
src/nonmatching/func_02013cac.c	-O2 -interworking	88.1111	20	structural-v1
src/nonmatching/func_02013cc0.c	-O2 -interworking	16.3889	12	structural-v1
src/nonmatching/func_02013ccc.c	-O2 -interworking	16.3889	12	structural-v1
src/nonmatching/func_02013cd8.c	-O2 -interworking	23.9181	128	structural-v1
src/nonmatching/func_02013d58.c	-O2 -interworking	53.6667	52	structural-v1
src/nonmatching/func_02013d8c.c	-O2 -interworking	43.7227	88	structural-v1
src/nonmatching/func_02013de4.c	-O2 -interworking	42.4528	104	structural-v1
src/nonmatching/func_02013e4c.c	-O2 -interworking	65.8466	96	structural-v1
src/nonmatching/func_02013eac.c	-O2 -interworking	38.2684	76	structural-v1
src/nonmatching/func_02013ef8.c	-O2 -interworking	41.1340	284	structural-v1
src/nonmatching/func_02014014.c	-O2 -interworking	66.0385	160	structural-v1
src/nonmatching/func_020140b4.c	-O2 -interworking	42.3850	124	structural-v1
src/nonmatching/func_02014130.c	-O2 -interworking	58.5870	48	structural-v1
src/nonmatching/func_02014160.c	-O2 -interworking	67.1263	180	structural-v1
src/nonmatching/func_02014214.c	-O2 -interworking	60.0585	76	structural-v1
src/nonmatching/func_020143e8.c	-O2 -interworking	68.4360	120	structural-v1
src/nonmatching/func_02014460.c	-O2 -interworking	17.5000	12	structural-v1
src/nonmatching/func_0201446c.c	-O2 -interworking	34.6154	52	structural-v1
src/nonmatching/func_02014530.c	-O2 -interworking	69.2857	16	structural-v1
src/nonmatching/func_02014540.c	-O2 -interworking	66.8783	56	structural-v1
src/nonmatching/func_02014578.c	-O2 -interworking	57.8655	80	structural-v1
src/nonmatching/func_020145c8.c	-O2 -interworking	83.9024	80	structural-v1
src/nonmatching/func_02014618.c	-O2 -interworking	64.4167	36	structural-v1
src/nonmatching/func_0201463c.c	-O2 -interworking	53.9464	56	structural-v1
src/nonmatching/func_02014778.c	-O2 -interworking	39.1337	72	structural-v1
src/nonmatching/func_020147c0.c	-O2 -interworking	31.1457	52	structural-v1
src/nonmatching/func_020147f4.c	-O2 -interworking	79.4251	92	structural-v1
src/nonmatching/func_02014850.c	-O2 -interworking	67.7778	36	structural-v1
src/nonmatching/func_02014874.c	-O2 -interworking	83.9024	80	structural-v1
src/nonmatching/func_020148c4.c	-O2 -interworking	47.1549	144	structural-v1
src/nonmatching/func_02014954.c	-O2 -interworking	52.3997	176	structural-v1
src/nonmatching/func_02014c10.c	-O2 -interworking	62.3382	92	structural-v1
src/nonmatching/func_02014c6c.c	-O2 -interworking	74.0000	20	structural-v1
src/nonmatching/func_02014c94.c	-O2 -interworking	42.3405	140	structural-v1
src/nonmatching/func_02014d20.c	-O2 -interworking	43.2051	20	structural-v1
src/nonmatching/func_02014d34.c	-O2 -interworking	39.1589	240	structural-v1
src/nonmatching/func_02014e24.c	-O2 -interworking	75.4545	44	structural-v1
src/nonmatching/func_02014e50.c	-O2 -interworking	51.2070	144	structural-v1
src/nonmatching/func_02014ee0.c	-O2 -interworking	37.1407	60	structural-v1
src/nonmatching/func_02014f1c.c	-O2 -interworking	25.8859	84	structural-v1
src/nonmatching/func_02014f70.c	-O2 -interworking	52.2714	148	structural-v1
src/nonmatching/func_02015004.c	-O2 -interworking	25.6489	504	structural-v1
src/nonmatching/func_02015440.c	-O2 -interworking	76.2500	64	structural-v1
src/nonmatching/func_02015480.c	-O2 -interworking	64.6667	60	structural-v1
src/nonmatching/func_020154bc.c	-O2 -interworking	86.2500	44	structural-v1
src/nonmatching/func_02015780.c	-O2 -interworking	15.2787	796	structural-v1
src/nonmatching/func_02015a9c.c	-O2 -interworking	41.7391	52	structural-v1
src/nonmatching/func_02015ad0.c	-O2 -interworking	45.1449	260	structural-v1
src/nonmatching/func_02015bd4.c	-O2 -interworking	29.7917	100	structural-v1
src/nonmatching/func_02015c38.c	-O2 -interworking	27.7657	132	structural-v1
src/nonmatching/func_02015cbc.c	-O2 -interworking	85.5556	36	structural-v1
src/nonmatching/func_02015ce0.c	-O2 -interworking	32.1587	184	structural-v1
src/nonmatching/func_02015d98.c	-O2 -interworking	39.7635	232	structural-v1
src/nonmatching/func_02015e80.c	-O2 -interworking	44.8538	40	structural-v1
src/nonmatching/func_02015ea8.c	-O2 -interworking	48.7027	68	structural-v1
src/nonmatching/func_02016008.c	-O2 -interworking	12.9545	24	structural-v1
src/nonmatching/func_02016020.c	-O2 -interworking	49.9048	24	structural-v1
src/nonmatching/func_02016038.c	-O2 -interworking	49.9048	24	structural-v1
src/nonmatching/func_02016050.c	-O2 -interworking	79.0909	24	structural-v1
src/nonmatching/func_02016068.c	-O2 -interworking	87.0000	20	structural-v1
src/nonmatching/func_0201607c.c	-O2 -interworking	55.6327	100	structural-v1
src/nonmatching/func_020160f4.c	-O2 -interworking	73.8095	40	structural-v1
src/nonmatching/func_0201611c.c	-O2 -interworking	81.4085	140	structural-v1
src/nonmatching/func_020161a8.c	-O2 -interworking	81.0294	132	structural-v1
src/nonmatching/func_0201622c.c	-O2 -interworking	34.7173	280	structural-v1
src/nonmatching/func_02016344.c	-O2 -interworking	34.2861	472	structural-v1
src/nonmatching/func_0201651c.c	-O2 -interworking	32.1450	340	structural-v1
src/nonmatching/func_02016670.c	-O2 -interworking	22.1419	368	structural-v1
src/nonmatching/func_020167e0.c	-O2 -interworking	42.6049	228	structural-v1
src/nonmatching/func_020168c4.c	-O2 -interworking	12.6671	148	structural-v1
src/nonmatching/func_02016958.c	-O2 -interworking	62.7273	28	structural-v1
src/nonmatching/func_02016974.c	-O2 -interworking	17.2177	112	structural-v1
src/nonmatching/func_02016a1c.c	-O2 -interworking	58.1818	20	structural-v1
src/nonmatching/func_02016a30.c	-O2 -interworking	55.9341	28	structural-v1
src/nonmatching/func_02016a4c.c	-O2 -interworking	40.9375	120	structural-v1
src/nonmatching/func_02016ac4.c	-O2 -interworking	79.3333	32	structural-v1
src/nonmatching/func_02016ae4.c	-O2 -interworking	37.0000	44	structural-v1
src/nonmatching/func_02016b10.c	-O2 -interworking	39.6552	64	structural-v1
src/nonmatching/func_0201705c.c	-O2 -interworking	37.3720	592	structural-v1
src/nonmatching/func_02017a2c.c	-O2 -interworking	30.9489	276	structural-v1
src/nonmatching/func_02018afc.c	-O2 -interworking	70.8333	68	structural-v1
src/nonmatching/func_02018b40.c	-O2 -interworking	35.8418	100	structural-v1
src/nonmatching/func_02018ba4.c	-O2 -interworking	30.9524	44	structural-v1
src/nonmatching/func_02018c48.c	-O2 -interworking	60.2105	40	structural-v1
src/nonmatching/func_02018c74.c	-O2 -interworking	45.0160	296	structural-v1
src/nonmatching/func_02018d9c.c	-O2 -interworking	80.0000	28	structural-v1
src/nonmatching/func_02018db8.c	-O2 -interworking	38.4110	200	structural-v1
src/nonmatching/func_02018e80.c	-O2 -interworking	41.0256	80	structural-v1
src/nonmatching/func_02018ed0.c	-O2 -interworking	41.9048	48	structural-v1
src/nonmatching/func_02018f00.c	-O2 -interworking	27.8378	80	structural-v1
src/nonmatching/func_02018f50.c	-O2 -interworking	55.6712	276	structural-v1
src/nonmatching/func_02019064.c	-O2 -interworking	36.4000	56	structural-v1
src/nonmatching/func_0201909c.c	-O2 -interworking	83.3824	136	structural-v1
src/nonmatching/func_02019124.c	-O2 -interworking	39.1321	516	structural-v1
src/nonmatching/func_02019328.c	-O2 -interworking	25.8333	64	structural-v1
src/nonmatching/func_02019368.c	-O2 -interworking	33.0000	196	structural-v1
src/nonmatching/func_0201942c.c	-O2 -interworking	34.4565	192	structural-v1
src/nonmatching/func_020194ec.c	-O2 -interworking	45.8182	108	structural-v1
src/nonmatching/func_0201a470.c	-O2 -interworking	70.4100	136	structural-v1
src/nonmatching/func_0201a4f8.c	-O2 -interworking	27.5799	880	structural-v1
src/nonmatching/func_0201a868.c	-O2 -interworking	65.0150	148	structural-v1
src/nonmatching/func_0201a9c0.c	-O2 -interworking	43.9744	20	structural-v1
src/nonmatching/func_0201a9d4.c	-O2 -interworking	17.5000	12	structural-v1
src/nonmatching/func_0201aa50.c	-O2 -interworking	47.5472	108	structural-v1
src/nonmatching/func_0201aabc.c	-O2 -interworking	79.1667	76	structural-v1
src/nonmatching/func_0201ab0c.c	-O2 -interworking	73.7500	64	structural-v1
src/nonmatching/func_0201ab4c.c	-O2 -interworking	31.4423	196	structural-v1
src/nonmatching/func_0201ac10.c	-O2 -interworking	38.8421	384	structural-v1
src/nonmatching/func_0201ad90.c	-O2 -interworking	39.0244	156	structural-v1
src/nonmatching/func_0201b1ac.c	-O2 -interworking	56.0000	224	structural-v1
src/nonmatching/func_0201b28c.c	-O2 -interworking	62.5225	224	structural-v1
src/nonmatching/func_0201b36c.c	-O2 -interworking	28.2891	672	structural-v1
src/nonmatching/func_0201b60c.c	-O2 -interworking	28.6364	384	structural-v1
src/nonmatching/func_0201b78c.c	-O2 -interworking	52.4706	172	structural-v1
src/nonmatching/func_0201b838.c	-O2 -interworking	21.6681	1524	structural-v1
src/nonmatching/func_0201be2c.c	-O2 -interworking	73.6364	44	structural-v1
src/nonmatching/func_0201be58.c	-O2 -interworking	10.1099	4488	structural-v1
src/nonmatching/func_0201cfe0.c	-O2 -interworking	18.1818	40	structural-v1
src/nonmatching/func_0201d008.c	-O2 -interworking	22.2222	32	structural-v1
src/nonmatching/func_0201d028.c	-O2 -interworking	20.5739	452	structural-v1
src/nonmatching/func_0201d1ec.c	-O2 -interworking	25.7332	192	structural-v1
src/nonmatching/func_0201d2ac.c	-O2 -interworking	15.0028	608	structural-v1
src/nonmatching/func_0201d50c.c	-O2 -interworking	16.3889	12	structural-v1
src/nonmatching/func_0201d518.c	-O2 -interworking	3.9714	792	structural-v1
src/nonmatching/func_0201d848.c	-O2 -interworking	3.7878	948	structural-v1
src/nonmatching/func_0201dbfc.c	-O2 -interworking	5.7578	868	structural-v1
src/nonmatching/func_0201df60.c	-O2 -interworking	16.4763	260	structural-v1
src/nonmatching/func_0201e064.c	-O2 -interworking	18.8259	64	structural-v1
src/nonmatching/func_0201e0a4.c	-O2 -interworking	12.1349	60	structural-v1
src/nonmatching/func_0201e0e0.c	-O2 -interworking	11.5069	152	structural-v1
src/nonmatching/func_0201e178.c	-O2 -interworking	12.2377	164	structural-v1
src/nonmatching/func_0201e21c.c	-O2 -interworking	13.0800	156	structural-v1
src/nonmatching/func_0201e2b8.c	-O2 -interworking	27.8703	140	structural-v1
src/nonmatching/func_0201e344.c	-O2 -interworking	27.7369	140	structural-v1
src/nonmatching/func_0201e3d0.c	-O2 -interworking	24.6154	92	structural-v1
src/nonmatching/func_0201e42c.c	-O2 -interworking	24.6154	92	structural-v1
src/nonmatching/func_0201e488.c	-O2 -interworking	33.8095	104	structural-v1
src/nonmatching/func_0201e4f0.c	-O2 -interworking	36.4103	92	structural-v1
src/nonmatching/func_0201e54c.c	-O2 -interworking	35.3891	104	structural-v1
src/nonmatching/func_0201e5b4.c	-O2 -interworking	35.1510	104	structural-v1
src/nonmatching/func_0201e61c.c	-O2 -interworking	13.4484	132	structural-v1
src/nonmatching/func_0201e6a0.c	-O2 -interworking	9.7917	72	structural-v1
src/nonmatching/func_0201e6e8.c	-O2 -interworking	6.9048	72	structural-v1
src/nonmatching/func_0201e730.c	-O2 -interworking	9.9413	124	structural-v1
src/nonmatching/func_0201e96c.c	-O2 -interworking	5.1111	72	structural-v1
src/nonmatching/func_0201e9b4.c	-O2 -interworking	21.8750	32	structural-v1
src/nonmatching/func_0201edc4.c	-O2 -interworking	52.4138	52	structural-v1
src/nonmatching/func_0201edf8.c	-O2 -interworking	23.7879	64	structural-v1
src/nonmatching/func_0201ee38.c	-O2 -interworking	39.2038	76	structural-v1
src/nonmatching/func_0201ee84.c	-O2 -interworking	25.1777	140	structural-v1
src/nonmatching/func_0201ef10.c	-O2 -interworking	13.5478	412	structural-v1
src/nonmatching/func_0201f0ac.c	-O2 -interworking	20.9492	228	structural-v1
src/nonmatching/func_0201f190.c	-O2 -interworking	9.3148	480	structural-v1
src/nonmatching/func_0201f370.c	-O2 -interworking	11.0352	540	structural-v1
src/nonmatching/func_0201f5a0.c	-O2 -interworking	9.4688	632	structural-v1
src/nonmatching/func_0201f824.c	-O2 -interworking	9.1522	952	structural-v1
src/nonmatching/func_0201fbf4.c	-O2 -interworking	6.2058	1348	structural-v1
src/nonmatching/func_0202013c.c	-O2 -interworking	17.5000	12	structural-v1
src/nonmatching/func_0202015c.c	-O2 -interworking	71.4286	80	structural-v1
src/nonmatching/func_020201f8.c	-O2 -interworking	36.5152	132	structural-v1
src/nonmatching/func_0202027c.c	-O2 -interworking	29.4521	132	structural-v1
src/nonmatching/func_02020300.c	-O2 -interworking	32.3529	100	structural-v1
src/nonmatching/func_02020364.c	-O2 -interworking	52.9482	264	structural-v1
src/nonmatching/func_0202046c.c	-O2 -interworking	76.9231	28	structural-v1
src/nonmatching/func_02020488.c	-O2 -interworking	34.7059	700	structural-v1
src/nonmatching/func_02020744.c	-O2 -interworking	33.7461	2092	structural-v1
src/nonmatching/func_02020f78.c	-O2 -interworking	32.9560	340	structural-v1
src/nonmatching/func_020210cc.c	-O2 -interworking	49.8246	128	structural-v1
src/nonmatching/func_0202114c.c	-O2 -interworking	80.2041	96	structural-v1
src/nonmatching/func_020211ac.c	-O2 -interworking	33.0332	476	structural-v1
src/nonmatching/func_02021388.c	-O2 -interworking	96.0870	92	structural-v1
src/nonmatching/func_020213e4.c	-O2 -interworking	40.4464	244	structural-v1
src/nonmatching/func_020214d8.c	-O2 -interworking	90.9091	40	structural-v1
src/nonmatching/func_02021500.c	-O2 -interworking	42.6877	48	structural-v1
src/nonmatching/func_02021530.c	-O2 -interworking	73.7166	68	structural-v1
src/nonmatching/func_02021574.c	-O2 -interworking	16.3889	12	structural-v1
src/nonmatching/func_0202158c.c	-O2 -interworking	90.2273	24	structural-v1
src/nonmatching/func_020215a4.c	-O2 -interworking	63.0000	32	structural-v1
src/nonmatching/func_020215c4.c	-O2 -interworking	33.0045	436	structural-v1
src/nonmatching/func_02021778.c	-O2 -interworking	56.7742	72	structural-v1
src/nonmatching/func_020217d4.c	-O2 -interworking	25.4667	184	structural-v1
src/nonmatching/func_0202188c.c	-O2 -interworking	44.2029	176	structural-v1
src/nonmatching/func_0202193c.c	-O2 -interworking	62.5000	72	structural-v1
src/nonmatching/func_020219cc.c	-O2 -interworking	62.5000	72	structural-v1
src/nonmatching/func_02021a28.c	-O2 -interworking	82.9630	52	structural-v1
src/nonmatching/func_02021a5c.c	-O2 -interworking	48.9796	92	structural-v1
src/nonmatching/func_02021ab8.c	-O2 -interworking	69.3671	160	structural-v1
src/nonmatching/func_02021b78.c	-O2 -interworking	26.8182	40	structural-v1
src/nonmatching/func_02021ba0.c	-O2 -interworking	2.6667	48	structural-v1
src/nonmatching/func_02021c1c.c	-O2 -interworking	51.2479	176	structural-v1
src/nonmatching/func_02021ccc.c	-O2 -interworking	35.3934	296	structural-v1
src/nonmatching/func_02021df4.c	-O2 -interworking	40.9502	108	structural-v1
src/nonmatching/func_02021e90.c	-O2 -interworking	74.6635	32	structural-v1
src/nonmatching/func_02021eb0.c	-O2 -interworking	77.8889	36	structural-v1
src/nonmatching/func_02021ed4.c	-O2 -interworking	72.7872	112	structural-v1
src/nonmatching/func_02021f44.c	-O2 -interworking	44.0000	60	structural-v1
src/nonmatching/func_02021f80.c	-O2 -interworking	46.0000	40	structural-v1
src/nonmatching/func_02021fa8.c	-O2 -interworking	70.1923	52	structural-v1
src/nonmatching/func_02021fdc.c	-O2 -interworking	30.3708	136	structural-v1
src/nonmatching/func_0202207c.c	-O2 -interworking	34.9033	456	structural-v1
src/nonmatching/func_02022244.c	-O2 -interworking	30.6221	364	structural-v1
src/nonmatching/func_020223b0.c	-O2 -interworking	37.9293	40	structural-v1
src/nonmatching/func_020223d8.c	-O2 -interworking	17.2525	1368	structural-v1
src/nonmatching/func_02022930.c	-O2 -interworking	48.4928	216	structural-v1
src/nonmatching/func_02022a08.c	-O2 -interworking	43.8148	64	structural-v1
src/nonmatching/func_02022b34.c	-O2 -interworking	75.0000	20	structural-v1
src/nonmatching/func_02022b48.c	-O2 -interworking	73.6415	76	structural-v1
src/nonmatching/func_02022b94.c	-O2 -interworking	73.7880	36	structural-v1
src/nonmatching/func_02022bb8.c	-O2 -interworking	59.3624	44	structural-v1
src/nonmatching/func_02022be4.c	-O2 -interworking	55.5391	112	structural-v1
src/nonmatching/func_02022c54.c	-O2 -interworking	40.7619	24	structural-v1
src/nonmatching/func_02022c6c.c	-O2 -interworking	40.7619	24	structural-v1
src/nonmatching/func_02022c84.c	-O2 -interworking	44.9265	28	structural-v1
src/nonmatching/func_02022ca0.c	-O2 -interworking	40.7619	24	structural-v1
src/nonmatching/func_02022cb8.c	-O2 -interworking	75.9615	204	structural-v1
src/nonmatching/func_02022d84.c	-O2 -interworking	36.0535	332	structural-v1
src/nonmatching/func_02022ed0.c	-O2 -interworking	24.7826	60	structural-v1
src/nonmatching/func_02022f0c.c	-O2 -interworking	24.7826	60	structural-v1
src/nonmatching/func_02022f48.c	-O2 -interworking	24.7826	60	structural-v1
src/nonmatching/func_02022f84.c	-O2 -interworking	76.6667	60	structural-v1
src/nonmatching/func_02022fc0.c	-O2 -interworking	76.6667	60	structural-v1
src/nonmatching/func_02022ffc.c	-O2 -interworking	42.0145	148	structural-v1
src/nonmatching/func_02023090.c	-O2 -interworking	30.8485	184	structural-v1
src/nonmatching/func_02023148.c	-O2 -interworking	30.6306	76	structural-v1
src/nonmatching/func_02023194.c	-O2 -interworking	81.4286	28	structural-v1
src/nonmatching/func_020231b0.c	-O2 -interworking	81.4286	28	structural-v1
src/nonmatching/func_020231cc.c	-O2 -interworking	81.4286	28	structural-v1
src/nonmatching/func_020231e8.c	-O2 -interworking	67.2101	68	structural-v1
src/nonmatching/func_0202322c.c	-O2 -interworking	73.7500	64	structural-v1
src/nonmatching/func_0202326c.c	-O2 -interworking	51.7372	80	structural-v1
src/nonmatching/func_020232bc.c	-O2 -interworking	70.2632	76	structural-v1
src/nonmatching/func_02023308.c	-O2 -interworking	82.7245	76	structural-v1
src/nonmatching/func_02023354.c	-O2 -interworking	34.8571	156	structural-v1
src/nonmatching/func_020233f0.c	-O2 -interworking	79.4686	86	structural-v1
src/nonmatching/func_02023448.c	-O2 -interworking	55.3741	104	structural-v1
src/nonmatching/func_02023534.c	-O2 -interworking	86.3636	44	structural-v1
src/nonmatching/func_02023560.c	-O2 -interworking	59.3917	104	structural-v1
src/nonmatching/func_020235c8.c	-O2 -interworking	84.8889	40	structural-v1
src/nonmatching/func_020235f0.c	-O2 -interworking	35.4512	568	structural-v1
src/nonmatching/func_02023828.c	-O2 -interworking	60.5925	108	structural-v1
src/nonmatching/func_02023894.c	-O2 -interworking	46.0436	100	structural-v1
src/nonmatching/func_020238f8.c	-O2 -interworking	73.0556	36	structural-v1
src/nonmatching/func_0202391c.c	-O2 -interworking	68.1818	22	structural-v1
src/nonmatching/func_02023934.c	-O2 -interworking	69.8216	156	structural-v1
src/nonmatching/func_020239d8.c	-O2 -interworking	78.6327	100	structural-v1
src/nonmatching/func_02023a3c.c	-O2 -interworking	93.4683	72	structural-v1
src/nonmatching/func_02023a84.c	-O2 -interworking	29.1937	532	structural-v1
src/nonmatching/func_02023c98.c	-O2 -interworking	53.0170	312	structural-v1
src/nonmatching/func_02023dd0.c	-O2 -interworking	70.1201	76	structural-v1
src/nonmatching/func_02023e1c.c	-O2 -interworking	58.2000	52	structural-v1
src/nonmatching/func_02023e50.c	-O2 -interworking	66.9070	132	structural-v1
src/nonmatching/func_02023edc.c	-O2 -interworking	26.2088	28	structural-v1
src/nonmatching/func_02023f04.c	-O2 -interworking	38.0031	220	structural-v1
src/nonmatching/func_02023fec.c	-O2 -interworking	61.3187	52	structural-v1
src/nonmatching/func_02024020.c	-O2 -interworking	70.6364	44	structural-v1
src/nonmatching/func_0202404c.c	-O2 -interworking	85.8333	24	structural-v1
src/nonmatching/func_02024064.c	-O2 -interworking	92.5373	132	structural-v1
src/nonmatching/func_020240e8.c	-O2 -interworking	81.2903	64	structural-v1
src/nonmatching/func_02024130.c	-O2 -interworking	45.9455	112	structural-v1
src/nonmatching/func_020241a4.c	-O2 -interworking	32.1992	264	structural-v1
src/nonmatching/func_020242b8.c	-O2 -interworking	57.5970	128	structural-v1
src/nonmatching/func_02024338.c	-O2 -interworking	58.6905	28	structural-v1
src/nonmatching/func_02024354.c	-O2 -interworking	45.7656	148	structural-v1
src/nonmatching/func_020243e8.c	-O2 -interworking	94.5652	92	structural-v1
src/nonmatching/func_02024444.c	-O2 -interworking	62.1994	120	structural-v1
src/nonmatching/func_020244bc.c	-O2 -interworking	34.4444	72	structural-v1
src/nonmatching/func_02024504.c	-O2 -interworking	60.9433	852	structural-v1
src/nonmatching/func_02024858.c	-O2 -interworking	63.8772	128	structural-v1
src/nonmatching/func_02024910.c	-O2 -interworking	34.4548	84	structural-v1
src/nonmatching/func_02024964.c	-O2 -interworking	60.9444	96	structural-v1
src/nonmatching/func_020249c4.c	-O2 -interworking	47.7573	140	structural-v1
src/nonmatching/func_02024a50.c	-O2 -interworking	68.4755	112	structural-v1
src/nonmatching/func_02024ac0.c	-O2 -interworking	49.5122	92	structural-v1
src/nonmatching/func_02024b1c.c	-O2 -interworking	25.7750	104	structural-v1
src/nonmatching/func_02024b84.c	-O2 -interworking	65.5436	60	structural-v1
src/nonmatching/func_02024bc0.c	-O2 -interworking	75.1852	56	structural-v1
src/nonmatching/func_02024bf8.c	-O2 -interworking	48.6478	204	structural-v1
src/nonmatching/func_02024cc4.c	-O2 -interworking	41.3673	1104	structural-v1
src/nonmatching/func_02025114.c	-O2 -interworking	29.5169	332	structural-v1
src/nonmatching/func_02025260.c	-O2 -interworking	55.8403	136	structural-v1
src/nonmatching/func_020252e8.c	-O2 -interworking	31.0510	1056	structural-v1
src/nonmatching/func_02025708.c	-O2 -interworking	37.9423	292	structural-v1
src/nonmatching/func_0202582c.c	-O2 -interworking	54.5031	292	structural-v1
src/nonmatching/func_02025950.c	-O2 -interworking	43.9929	472	structural-v1
src/nonmatching/func_02025b28.c	-O2 -interworking	43.7626	192	structural-v1
src/nonmatching/func_02025be8.c	-O2 -interworking	58.4265	80	structural-v1
src/nonmatching/func_02025c38.c	-O2 -interworking	36.7288	968	structural-v1
src/nonmatching/func_02026000.c	-O2 -interworking	34.0203	1344	structural-v1
src/nonmatching/func_02027ed8.c	-O2 -interworking	32.7062	1416	structural-v1
src/nonmatching/func_020287c0.c	-O2 -interworking	27.3029	344	structural-v1
src/nonmatching/func_02028918.c	-O2 -interworking	44.1912	624	structural-v1
src/nonmatching/func_02028b88.c	-O2 -interworking	34.9449	608	structural-v1
src/nonmatching/func_02028de8.c	-O2 -interworking	29.3449	152	structural-v1
src/nonmatching/func_02028e80.c	-O2 -interworking	35.0483	300	structural-v1
src/nonmatching/func_02028fac.c	-O2 -interworking	32.0609	460	structural-v1
src/nonmatching/func_02029178.c	-O2 -interworking	48.9686	948	structural-v1
src/nonmatching/func_0202952c.c	-O2 -interworking	55.4144	1012	structural-v1
src/nonmatching/func_02029920.c	-O2 -interworking	58.9171	52	structural-v1
src/nonmatching/func_02029954.c	-O2 -interworking	33.8461	830	structural-v1
src/nonmatching/func_02029c94.c	-O2 -interworking	45.3878	528	structural-v1
src/nonmatching/func_02029ea4.c	-O2 -interworking	61.0025	116	structural-v1
src/nonmatching/func_02029f18.c	-O2 -interworking	39.9027	940	structural-v1
src/nonmatching/func_0202a2c4.c	-O2 -interworking	36.1840	1220	structural-v1
src/nonmatching/func_0202a788.c	-O2 -interworking	50.0231	360	structural-v1
src/nonmatching/func_0202a8f0.c	-O2 -interworking	52.5782	568	structural-v1
src/nonmatching/func_0202aca0.c	-O2 -interworking	52.3938	356	structural-v1
src/nonmatching/func_0202ae04.c	-O2 -interworking	47.3411	56	structural-v1
src/nonmatching/func_0202ae54.c	-O2 -interworking	47.3411	56	structural-v1
src/nonmatching/func_0202aeb4.c	-O2 -interworking	40.7143	32	structural-v1
src/nonmatching/func_0202af00.c	-O2 -interworking	40.7143	32	structural-v1
src/nonmatching/func_0202af54.c	-O2 -interworking	48.0903	64	structural-v1
src/nonmatching/func_0202af94.c	-O2 -interworking	43.4468	328	structural-v1
src/nonmatching/func_0202b0dc.c	-O2 -interworking	56.9022	50	structural-v1
src/nonmatching/func_0202b110.c	-O2 -interworking	84.0865	32	structural-v1
src/nonmatching/func_0202b130.c	-O2 -interworking	42.7485	34	structural-v1
src/nonmatching/func_0202b154.c	-O2 -interworking	54.1176	16	structural-v1
src/nonmatching/func_0202b164.c	-O2 -interworking	31.8751	148	structural-v1
src/nonmatching/func_0202b1f8.c	-O2 -interworking	85.8373	44	structural-v1
src/nonmatching/func_0202b224.c	-O2 -interworking	75.8636	44	structural-v1
src/nonmatching/func_0202b250.c	-O2 -interworking	92.8571	28	structural-v1
src/nonmatching/func_0202b26c.c	-O2 -interworking	51.2821	38	structural-v1
src/nonmatching/func_0202b294.c	-O2 -interworking	50.0000	36	structural-v1
src/nonmatching/func_0202b2b8.c	-O2 -interworking	43.0978	164	structural-v1
src/nonmatching/func_0202b35c.c	-O2 -interworking	48.6885	68	structural-v1
src/nonmatching/func_0202b3a0.c	-O2 -interworking	47.0765	348	structural-v1
src/nonmatching/func_0202b4fc.c	-O2 -interworking	84.4444	12	structural-v1
src/nonmatching/func_0202b508.c	-O2 -interworking	35.6876	140	structural-v1
src/nonmatching/func_0202bce4.c	-O2 -interworking	40.3828	160	structural-v1
src/nonmatching/func_0202bd84.c	-O2 -interworking	37.9796	1044	structural-v1
src/nonmatching/func_0202c19c.c	-O2 -interworking	56.0000	36	structural-v1
src/nonmatching/func_0202c1c0.c	-O2 -interworking	33.2395	680	structural-v1
src/nonmatching/func_0202c468.c	-O2 -interworking	78.5776	32	structural-v1
src/nonmatching/func_0202c488.c	-O2 -interworking	35.6275	276	structural-v1
src/nonmatching/func_0202c59c.c	-O2 -interworking	60.8586	56	structural-v1
src/nonmatching/func_0202c5d4.c	-O2 -interworking	45.0025	96	structural-v1
src/nonmatching/func_0202c634.c	-O2 -interworking	31.7044	76	structural-v1
src/nonmatching/func_0202c680.c	-O2 -interworking	54.0954	236	structural-v1
src/nonmatching/func_0202c76c.c	-O2 -interworking	14.3333	8	structural-v1
src/nonmatching/func_0202c774.c	-O2 -interworking	20.9302	50	structural-v1
src/nonmatching/func_0202c7a8.c	-O2 -interworking	42.3311	676	structural-v1
src/nonmatching/func_0202ca4c.c	-O2 -interworking	59.8419	52	structural-v1
src/nonmatching/func_0202ca80.c	-O2 -interworking	71.1667	24	structural-v1
src/nonmatching/func_0202ca98.c	-O2 -interworking	75.2802	64	structural-v1
src/nonmatching/func_0202cad8.c	-O2 -interworking	66.3081	96	structural-v1
src/nonmatching/func_0202cb38.c	-O2 -interworking	34.1299	72	structural-v1
src/nonmatching/func_0202cb80.c	-O2 -interworking	57.5606	40	structural-v1
src/nonmatching/func_0202cba8.c	-O2 -interworking	31.5714	164	structural-v1
src/nonmatching/func_0202cc4c.c	-O2 -interworking	90.8333	32	structural-v1
src/nonmatching/func_0202cc6c.c	-O2 -interworking	20.4219	240	structural-v1
src/nonmatching/func_0202cd5c.c	-O2 -interworking	14.0635	932	structural-v1
src/nonmatching/func_0202d100.c	-O2 -interworking	62.6471	140	structural-v1
src/nonmatching/func_0202d258.c	-O2 -interworking	39.7391	48	structural-v1
src/nonmatching/func_0202d288.c	-O2 -interworking	77.8864	80	structural-v1
src/nonmatching/func_0202d2d8.c	-O2 -interworking	69.0498	16	structural-v1
src/nonmatching/func_0202d2e8.c	-O2 -interworking	31.6071	12	structural-v1
src/nonmatching/func_0202d2f4.c	-O2 -interworking	85.2083	64	structural-v1
src/nonmatching/func_0202d334.c	-O2 -interworking	34.1067	268	structural-v1
src/nonmatching/func_0202d440.c	-O2 -interworking	50.7576	64	structural-v1
src/nonmatching/func_0202d480.c	-O2 -interworking	55.1055	268	structural-v1
src/nonmatching/func_0202d58c.c	-O2 -interworking	33.4869	76	structural-v1
src/nonmatching/func_0202d5d8.c	-O2 -interworking	94.5658	144	structural-v1
src/nonmatching/func_0202d668.c	-O2 -interworking	22.2255	68	structural-v1
src/nonmatching/func_0202d6ac.c	-O2 -interworking	65.5844	48	structural-v1
src/nonmatching/func_0202d6dc.c	-O2 -interworking	29.5634	360	structural-v1
src/nonmatching/func_0202d844.c	-O2 -interworking	64.1472	52	structural-v1
src/nonmatching/func_0202d878.c	-O2 -interworking	94.2895	40	structural-v1
src/nonmatching/func_0202d8a0.c	-O2 -interworking	67.4369	80	structural-v1
src/nonmatching/func_0202d8f0.c	-O2 -interworking	52.3208	204	structural-v1
src/nonmatching/func_0202d9bc.c	-O2 -interworking	47.2036	380	structural-v1
src/nonmatching/func_0202db38.c	-O2 -interworking	22.8283	1484	structural-v1
src/nonmatching/func_0202e104.c	-O2 -interworking	37.2194	48	structural-v1
src/nonmatching/func_0202e134.c	-O2 -interworking	34.2222	48	structural-v1
src/nonmatching/func_0202e164.c	-O2 -interworking	50.2711	188	structural-v1
src/nonmatching/func_0202f554.c	-O2 -interworking	83.4848	44	structural-v1
src/nonmatching/func_0202f580.c	-O2 -interworking	83.4848	44	structural-v1
src/nonmatching/func_0202f5ac.c	-O2 -interworking	83.4848	44	structural-v1
src/nonmatching/func_0202f5d8.c	-O2 -interworking	83.4848	44	structural-v1
src/nonmatching/func_0202f604.c	-O2 -interworking	58.6671	224	structural-v1
src/nonmatching/func_0202f6e4.c	-O2 -interworking	72.4444	36	structural-v1
src/nonmatching/func_0202f82c.c	-O2 -interworking	38.3971	440	structural-v1
src/nonmatching/func_0202f9e4.c	-O2 -interworking	54.5295	104	structural-v1
src/nonmatching/func_0202fa4c.c	-O2 -interworking	59.3220	62	structural-v1
src/nonmatching/func_0202fa8c.c	-O2 -interworking	64.4068	62	structural-v1
src/nonmatching/func_0202facc.c	-O2 -interworking	60.7759	118	structural-v1
src/nonmatching/func_0202fb44.c	-O2 -interworking	68.3333	86	structural-v1
src/nonmatching/func_0202fb9c.c	-O2 -interworking	69.7137	102	structural-v1
src/nonmatching/func_0202fc04.c	-O2 -interworking	89.7436	40	structural-v1
src/nonmatching/func_0202fc2c.c	-O2 -interworking	58.1622	78	structural-v1
src/nonmatching/func_0202fc7c.c	-O2 -interworking	33.3317	404	structural-v1
src/nonmatching/func_0202fe10.c	-O2 -interworking	82.6136	174	structural-v1
src/nonmatching/func_0202fec0.c	-O2 -interworking	31.7738	168	structural-v1
src/nonmatching/func_0202ff68.c	-O2 -interworking	39.1173	204	structural-v1
src/nonmatching/func_020300ac.c	-O2 -interworking	86.6667	36	structural-v1
src/nonmatching/func_020300d0.c	-O2 -interworking	79.3750	32	structural-v1
src/nonmatching/func_020300f0.c	-O2 -interworking	61.8182	44	structural-v1
src/nonmatching/func_0203011c.c	-O2 -interworking	73.5000	40	structural-v1
src/nonmatching/func_02030144.c	-O2 -interworking	79.3750	32	structural-v1
src/nonmatching/func_02030164.c	-O2 -interworking	89.0000	20	structural-v1
src/nonmatching/func_02030178.c	-O2 -interworking	57.8571	28	structural-v1
src/nonmatching/func_02030194.c	-O2 -interworking	50.0000	36	structural-v1
src/nonmatching/func_020301b8.c	-O2 -interworking	17.5000	12	structural-v1
src/nonmatching/func_020301c4.c	-O2 -interworking	77.7184	68	structural-v1
src/nonmatching/func_02030250.c	-O2 -interworking	41.1429	68	structural-v1
src/nonmatching/func_02030294.c	-O2 -interworking	17.5000	12	structural-v1
src/nonmatching/func_020302a0.c	-O2 -interworking	47.4359	148	structural-v1
src/nonmatching/func_02030334.c	-O2 -interworking	16.3889	12	structural-v1
src/nonmatching/func_020303ac.c	-O2 -interworking	38.3951	152	structural-v1
src/nonmatching/func_02030444.c	-O2 -interworking	32.0000	16	structural-v1
src/nonmatching/func_02030454.c	-O2 -interworking	13.3871	88	structural-v1
src/nonmatching/func_020304ac.c	-O2 -interworking	91.3333	60	structural-v1
src/nonmatching/func_020304e8.c	-O2 -interworking	48.1081	72	structural-v1
src/nonmatching/func_02030530.c	-O2 -interworking	69.2000	48	structural-v1
src/nonmatching/func_02030560.c	-O2 -interworking	45.5128	20	structural-v1
src/nonmatching/func_02030574.c	-O2 -interworking	76.7647	68	structural-v1
src/nonmatching/func_020305b8.c	-O2 -interworking	76.7647	68	structural-v1
src/nonmatching/func_020305fc.c	-O2 -interworking	76.7647	68	structural-v1
src/nonmatching/func_02030640.c	-O2 -interworking	55.3448	120	structural-v1
src/nonmatching/func_020306b8.c	-O2 -interworking	45.5128	20	structural-v1
src/nonmatching/func_020306fc.c	-O2 -interworking	44.7436	20	structural-v1
src/nonmatching/func_02030710.c	-O2 -interworking	50.6000	200	structural-v1
src/nonmatching/func_020307ec.c	-O2 -interworking	16.3889	12	structural-v1
src/nonmatching/func_020307f8.c	-O2 -interworking	29.2920	232	structural-v1
src/nonmatching/func_020308e0.c	-O2 -interworking	88.3333	12	structural-v1
src/nonmatching/func_020308ec.c	-O2 -interworking	88.3333	12	structural-v1
src/nonmatching/func_0203090c.c	-O2 -interworking	74.7619	18	structural-v1
src/nonmatching/func_02030920.c	-O2 -interworking	10.4449	472	structural-v1
src/nonmatching/func_02030af8.c	-O2 -interworking	33.7240	124	structural-v1
src/nonmatching/func_02030b74.c	-O2 -interworking	29.4289	278	structural-v1
src/nonmatching/func_02030c8c.c	-O2 -interworking	69.4743	46	structural-v1
src/nonmatching/func_02030cbc.c	-O2 -interworking	30.6331	380	structural-v1
src/nonmatching/func_020312bc.c	-O2 -interworking	54.9269	108	structural-v1
src/nonmatching/func_02031328.c	-O2 -interworking	77.3333	12	structural-v1
src/nonmatching/func_02031334.c	-O2 -interworking	12.6667	8	structural-v1
src/nonmatching/func_0203133c.c	-O2 -interworking	24.3274	180	structural-v1
src/nonmatching/func_020313f0.c	-O2 -interworking	93.7500	16	structural-v1
src/nonmatching/func_02031400.c	-O2 -interworking	48.5096	96	structural-v1
src/nonmatching/func_02031460.c	-O2 -interworking	62.6623	28	structural-v1
src/nonmatching/func_0203147c.c	-O2 -interworking	57.5000	32	structural-v1
src/nonmatching/func_0203149c.c	-O2 -interworking	46.7908	84	structural-v1
src/nonmatching/func_020314f0.c	-O2 -interworking	34.6753	52	structural-v1
src/nonmatching/func_02031524.c	-O2 -interworking	37.3923	248	structural-v1
src/nonmatching/func_0203161c.c	-O2 -interworking	53.1699	176	structural-v1
src/nonmatching/func_020316cc.c	-O2 -interworking	53.8994	208	structural-v1
src/nonmatching/func_0203179c.c	-O2 -interworking	25.2824	66	structural-v1
src/nonmatching/func_020317e0.c	-O2 -interworking	8.9530	102	structural-v1
src/nonmatching/func_02031848.c	-O2 -interworking	8.3143	186	structural-v1
src/nonmatching/func_02031904.c	-O2 -interworking	10.0033	186	structural-v1
src/nonmatching/func_020319c0.c	-O2 -interworking	16.7426	592	structural-v1
src/nonmatching/func_02031c10.c	-O2 -interworking	14.3333	8	structural-v1
src/nonmatching/func_02031e1c.c	-O2 -interworking	51.6564	110	structural-v1
src/nonmatching/func_02031e8c.c	-O2 -interworking	75.7375	84	structural-v1
src/nonmatching/func_02031ee0.c	-O2 -interworking	77.4408	100	structural-v1
src/nonmatching/func_02031f8c.c	-O2 -interworking	85.5000	32	structural-v1
src/nonmatching/func_02031fac.c	-O2 -interworking	37.8846	104	structural-v1
src/nonmatching/func_02032014.c	-O2 -interworking	16.3889	12	structural-v1
src/nonmatching/func_02032020.c	-O2 -interworking	43.2759	120	structural-v1
src/nonmatching/func_02032098.c	-O2 -interworking	39.3182	80	structural-v1
src/nonmatching/func_020320e8.c	-O2 -interworking	17.5000	12	structural-v1
src/nonmatching/func_02032104.c	-O2 -interworking	81.5000	80	structural-v1
src/nonmatching/func_02032154.c	-O2 -interworking	81.4286	56	structural-v1
src/nonmatching/func_02032238.c	-O2 -interworking	46.7442	88	structural-v1
src/nonmatching/func_02032298.c	-O2 -interworking	46.7442	88	structural-v1
src/nonmatching/func_020322f8.c	-O2 -interworking	44.2857	116	structural-v1
src/nonmatching/func_0203237c.c	-O2 -interworking	39.6923	132	structural-v1
src/nonmatching/func_02032408.c	-O2 -interworking	79.2500	40	structural-v1
src/nonmatching/func_02032430.c	-O2 -interworking	61.2338	28	structural-v1
src/nonmatching/func_0203244c.c	-O2 -interworking	55.6250	32	structural-v1
src/nonmatching/func_0203246c.c	-O2 -interworking	86.4706	34	structural-v1
src/nonmatching/func_02032490.c	-O2 -interworking	65.5724	92	structural-v1
src/nonmatching/func_020324ec.c	-O2 -interworking	53.3333	46	structural-v1
src/nonmatching/func_0203251c.c	-O2 -interworking	35.7109	504	structural-v1
src/nonmatching/func_02032714.c	-O2 -interworking	12.6667	8	structural-v1
src/nonmatching/func_0203271c.c	-O2 -interworking	51.1750	204	structural-v1
src/nonmatching/func_020327e8.c	-O2 -interworking	51.1750	204	structural-v1
src/nonmatching/func_020328b4.c	-O2 -interworking	52.3310	208	structural-v1
src/nonmatching/func_02032984.c	-O2 -interworking	50.9236	172	structural-v1
src/nonmatching/func_02032a30.c	-O2 -interworking	36.7524	124	structural-v1
src/nonmatching/func_02032aac.c	-O2 -interworking	28.3333	24	structural-v1
src/nonmatching/func_02032ac4.c	-O2 -interworking	43.9744	20	structural-v1
src/nonmatching/func_02032ad8.c	-O2 -interworking	28.3333	24	structural-v1
src/nonmatching/func_02032af0.c	-O2 -interworking	89.0000	20	structural-v1
src/nonmatching/func_02032b04.c	-O2 -interworking	89.0000	20	structural-v1
src/nonmatching/func_02032b18.c	-O2 -interworking	53.9324	180	structural-v1
src/nonmatching/func_02032bcc.c	-O2 -interworking	56.4059	84	structural-v1
src/nonmatching/func_02032c20.c	-O2 -interworking	84.1429	40	structural-v1
src/nonmatching/func_02032c48.c	-O2 -interworking	51.7524	164	structural-v1
src/nonmatching/func_02032cec.c	-O2 -interworking	90.0000	24	structural-v1
src/nonmatching/func_02032d04.c	-O2 -interworking	83.4848	44	structural-v1
src/nonmatching/func_02032d30.c	-O2 -interworking	83.4848	44	structural-v1
src/nonmatching/func_02032db4.c	-O2 -interworking	70.9091	40	structural-v1
src/nonmatching/func_02032ddc.c	-O2 -interworking	54.4668	112	structural-v1
src/nonmatching/func_02032e4c.c	-O2 -interworking	35.1448	476	structural-v1
src/nonmatching/func_02033028.c	-O2 -interworking	28.1191	512	structural-v1
src/nonmatching/func_02033234.c	-O2 -interworking	30.1449	56	structural-v1
src/nonmatching/func_0203326c.c	-O2 -interworking	64.4186	86	structural-v1
src/nonmatching/func_020332c4.c	-O2 -interworking	68.5714	98	structural-v1
src/nonmatching/func_02033328.c	-O2 -interworking	34.0356	84	structural-v1
src/nonmatching/func_0203337c.c	-O2 -interworking	69.2570	112	structural-v1
src/nonmatching/func_020333ec.c	-O2 -interworking	70.9826	278	structural-v1
src/nonmatching/func_02033504.c	-O2 -interworking	38.1490	312	structural-v1
src/nonmatching/func_0203363c.c	-O2 -interworking	54.1910	60	structural-v1
src/nonmatching/func_02033678.c	-O2 -interworking	55.8170	36	structural-v1
src/nonmatching/func_0203369c.c	-O2 -interworking	38.5594	132	structural-v1
src/nonmatching/func_02033720.c	-O2 -interworking	38.5594	132	structural-v1
src/nonmatching/func_020337a4.c	-O2 -interworking	38.5594	132	structural-v1
src/nonmatching/func_02033828.c	-O2 -interworking	30.2137	296	structural-v1
src/nonmatching/func_02033950.c	-O2 -interworking	81.5556	20	structural-v1
src/nonmatching/func_02033964.c	-O2 -interworking	58.9273	52	structural-v1
src/nonmatching/func_02033998.c	-O2 -interworking	53.2060	130	structural-v1
src/nonmatching/func_02033a1c.c	-O2 -interworking	50.9603	150	structural-v1
src/nonmatching/func_02033ab4.c	-O2 -interworking	30.0193	552	structural-v1
src/nonmatching/func_02033cdc.c	-O2 -interworking	63.0648	54	structural-v1
src/nonmatching/func_02033d14.c	-O2 -interworking	75.7283	134	structural-v1
src/nonmatching/func_02033d9c.c	-O2 -interworking	50.3704	66	structural-v1
src/nonmatching/func_02033de0.c	-O2 -interworking	57.2981	96	structural-v1
src/nonmatching/func_02033e40.c	-O2 -interworking	52.4061	44	structural-v1
src/nonmatching/func_02033e6c.c	-O2 -interworking	29.2320	884	structural-v1
src/nonmatching/func_020341e0.c	-O2 -interworking	47.5392	144	structural-v1
src/nonmatching/func_02034270.c	-O2 -interworking	48.5648	132	structural-v1
src/nonmatching/func_020342f4.c	-O2 -interworking	31.9008	716	structural-v1
src/nonmatching/func_020345c0.c	-O2 -interworking	35.7771	92	structural-v1
src/nonmatching/func_020346b8.c	-O2 -interworking	36.7213	124	structural-v1
src/nonmatching/func_02034734.c	-O2 -interworking	49.2506	124	structural-v1
src/nonmatching/func_0203481c.c	-O2 -interworking	88.0000	20	structural-v1
src/nonmatching/func_02034830.c	-O2 -interworking	80.7692	24	structural-v1
src/nonmatching/func_02034848.c	-O2 -interworking	55.5099	152	structural-v1
src/nonmatching/func_020348e0.c	-O2 -interworking	35.0844	46	structural-v1
src/nonmatching/func_02034910.c	-O2 -interworking	81.5556	20	structural-v1
src/nonmatching/func_02034924.c	-O2 -interworking	81.5556	20	structural-v1
src/nonmatching/func_02034938.c	-O2 -interworking	24.0476	12	structural-v1
src/nonmatching/func_02034944.c	-O2 -interworking	24.0476	12	structural-v1
src/nonmatching/func_02034950.c	-O2 -interworking	52.5000	20	structural-v1
src/nonmatching/func_02034964.c	-O2 -interworking	68.4211	24	structural-v1
src/nonmatching/func_0203497c.c	-O2 -interworking	72.8964	88	structural-v1
src/nonmatching/func_020349d4.c	-O2 -interworking	48.5192	284	structural-v1
src/nonmatching/func_02034af0.c	-O2 -interworking	61.1765	102	structural-v1
src/nonmatching/func_02034b58.c	-O2 -interworking	71.3648	62	structural-v1
src/nonmatching/func_02034b98.c	-O2 -interworking	85.8946	112	structural-v1
src/nonmatching/func_02034c08.c	-O2 -interworking	76.8325	72	structural-v1
src/nonmatching/func_02034c50.c	-O2 -interworking	77.8947	22	structural-v1
src/nonmatching/func_02034c68.c	-O2 -interworking	65.5380	156	structural-v1
src/nonmatching/func_02034d04.c	-O2 -interworking	53.6545	100	structural-v1
src/nonmatching/func_02034d68.c	-O2 -interworking	76.0148	54	structural-v1
src/nonmatching/func_02034da0.c	-O2 -interworking	68.8643	108	structural-v1
src/nonmatching/func_02034e0c.c	-O2 -interworking	75.0000	24	structural-v1
src/nonmatching/func_02034e24.c	-O2 -interworking	27.7751	444	structural-v1
src/nonmatching/func_02034fe0.c	-O2 -interworking	81.7857	28	structural-v1
src/nonmatching/func_02034ffc.c	-O2 -interworking	77.6471	18	structural-v1
src/nonmatching/func_02035010.c	-O2 -interworking	60.6892	40	structural-v1
src/nonmatching/func_02035038.c	-O2 -interworking	39.3651	44	structural-v1
src/nonmatching/func_02035064.c	-O2 -interworking	80.0000	30	structural-v1
src/nonmatching/func_02035084.c	-O2 -interworking	29.3856	104	structural-v1
src/nonmatching/func_020350ec.c	-O2 -interworking	81.3385	52	structural-v1
src/nonmatching/func_020351ac.c	-O2 -interworking	47.7655	124	structural-v1
src/nonmatching/func_02035228.c	-O2 -interworking	69.4312	56	structural-v1
src/nonmatching/func_02035260.c	-O2 -interworking	69.4312	56	structural-v1
src/nonmatching/func_02035298.c	-O2 -interworking	69.4312	56	structural-v1
src/nonmatching/func_02035334.c	-O2 -interworking	79.3750	32	structural-v1
src/nonmatching/func_02035354.c	-O2 -interworking	73.6364	44	structural-v1
src/nonmatching/func_02035380.c	-O2 -interworking	87.5000	40	structural-v1
src/nonmatching/func_020353b8.c	-O2 -interworking	60.1087	48	structural-v1
src/nonmatching/func_020353e8.c	-O2 -interworking	47.0308	104	structural-v1
src/nonmatching/func_02035450.c	-O2 -interworking	15.2778	12	structural-v1
src/nonmatching/func_0203545c.c	-O2 -interworking	44.5897	580	structural-v1
src/nonmatching/func_020356a0.c	-O2 -interworking	85.7500	80	structural-v1
src/nonmatching/func_020356f0.c	-O2 -interworking	33.7010	108	structural-v1
src/nonmatching/func_0203575c.c	-O2 -interworking	32.8864	172	structural-v1
src/nonmatching/func_02035808.c	-O2 -interworking	93.6905	24	structural-v1
src/nonmatching/func_02035820.c	-O2 -interworking	89.0000	20	structural-v1
src/nonmatching/func_02035834.c	-O2 -interworking	65.8333	60	structural-v1
src/nonmatching/func_020358a4.c	-O2 -interworking	35.0000	36	structural-v1
src/nonmatching/func_020358c8.c	-O2 -interworking	52.5000	92	structural-v1
src/nonmatching/func_02035924.c	-O2 -interworking	55.5556	36	structural-v1
src/nonmatching/func_02035948.c	-O2 -interworking	72.6087	92	structural-v1
src/nonmatching/func_020359c0.c	-O2 -interworking	20.2424	308	structural-v1
src/nonmatching/func_02035af4.c	-O2 -interworking	15.1402	312	structural-v1
src/nonmatching/func_02035c2c.c	-O2 -interworking	21.4211	352	structural-v1
src/nonmatching/func_02035d8c.c	-O2 -interworking	23.0000	352	structural-v1
src/nonmatching/func_02035eec.c	-O2 -interworking	24.0282	736	structural-v1
src/nonmatching/func_020361cc.c	-O2 -interworking	30.3093	248	structural-v1
src/nonmatching/func_0203633c.c	-O2 -interworking	21.4815	84	structural-v1
src/nonmatching/func_02036390.c	-O2 -interworking	23.6232	136	structural-v1
src/nonmatching/func_02036418.c	-O2 -interworking	84.6939	96	structural-v1
src/nonmatching/func_02036478.c	-O2 -interworking	75.0351	108	structural-v1
src/nonmatching/func_020364e4.c	-O2 -interworking	75.2632	36	structural-v1
src/nonmatching/func_02036508.c	-O2 -interworking	57.2794	28	structural-v1
src/nonmatching/func_02036524.c	-O2 -interworking	89.7368	76	structural-v1
src/nonmatching/func_020365c8.c	-O2 -interworking	63.9286	60	structural-v1
src/nonmatching/func_0203660c.c	-O2 -interworking	82.9032	64	structural-v1
src/nonmatching/func_0203664c.c	-O2 -interworking	45.4685	84	structural-v1
src/nonmatching/func_020366a0.c	-O2 -interworking	42.4786	80	structural-v1
src/nonmatching/func_020366f0.c	-O2 -interworking	41.9742	184	structural-v1
src/nonmatching/func_020367a8.c	-O2 -interworking	70.0000	32	structural-v1
src/nonmatching/func_020367c8.c	-O2 -interworking	68.0065	36	structural-v1
src/nonmatching/func_020367ec.c	-O2 -interworking	50.5273	244	structural-v1
src/nonmatching/func_020368e0.c	-O2 -interworking	38.2190	296	structural-v1
src/nonmatching/func_02036a08.c	-O2 -interworking	79.7199	104	structural-v1
src/nonmatching/func_02036a70.c	-O2 -interworking	43.1253	204	structural-v1
src/nonmatching/func_02036b3c.c	-O2 -interworking	82.2000	100	structural-v1
src/nonmatching/func_02036ba0.c	-O2 -interworking	35.3297	28	structural-v1
src/nonmatching/func_02036bbc.c	-O2 -interworking	71.6667	24	structural-v1
src/nonmatching/func_02036bd4.c	-O2 -interworking	71.6667	24	structural-v1
src/nonmatching/func_02036c04.c	-O2 -interworking	42.6211	56	structural-v1
src/nonmatching/func_02036c3c.c	-O2 -interworking	52.1429	112	structural-v1
src/nonmatching/func_02036cac.c	-O2 -interworking	66.6667	96	structural-v1
src/nonmatching/func_02036d0c.c	-O2 -interworking	82.4090	172	structural-v1
src/nonmatching/func_02036db8.c	-O2 -interworking	53.5765	256	structural-v1
src/nonmatching/func_02036eb8.c	-O2 -interworking	53.5294	36	structural-v1
src/nonmatching/func_02036edc.c	-O2 -interworking	45.8140	96	structural-v1
src/nonmatching/func_02036f3c.c	-O2 -interworking	51.6667	104	structural-v1
src/nonmatching/func_02036fa4.c	-O2 -interworking	36.4286	92	structural-v1
src/nonmatching/func_02037000.c	-O2 -interworking	36.5714	80	structural-v1
src/nonmatching/func_02037050.c	-O2 -interworking	29.8064	108	structural-v1
src/nonmatching/func_020370bc.c	-O2 -interworking	80.5692	52	structural-v1
src/nonmatching/func_0203717c.c	-O2 -interworking	40.5000	40	structural-v1
src/nonmatching/func_020371a4.c	-O2 -interworking	79.7273	220	structural-v1
src/nonmatching/func_02037280.c	-O2 -interworking	63.6864	140	structural-v1
src/nonmatching/func_02037328.c	-O2 -interworking	36.8694	248	structural-v1
src/nonmatching/func_02037420.c	-O2 -interworking	82.0455	88	structural-v1
src/nonmatching/func_02037478.c	-O2 -interworking	73.4783	136	structural-v1
src/nonmatching/func_02037500.c	-O2 -interworking	78.4722	144	structural-v1
src/nonmatching/func_02037590.c	-O2 -interworking	63.9625	332	structural-v1
src/nonmatching/func_020376dc.c	-O2 -interworking	58.2353	96	structural-v1
src/nonmatching/func_0203773c.c	-O2 -interworking	81.0204	104	structural-v1
src/nonmatching/func_020377a4.c	-O2 -interworking	80.6977	92	structural-v1
src/nonmatching/func_02037800.c	-O2 -interworking	70.2174	100	structural-v1
src/nonmatching/func_02037864.c	-O2 -interworking	89.5238	40	structural-v1
src/nonmatching/func_0203788c.c	-O2 -interworking	72.0408	104	structural-v1
src/nonmatching/func_020378f4.c	-O2 -interworking	25.9322	632	structural-v1
src/nonmatching/func_02037b6c.c	-O2 -interworking	92.5000	32	structural-v1
src/nonmatching/func_02037b8c.c	-O2 -interworking	50.5714	24	structural-v1
src/nonmatching/func_02037ba4.c	-O2 -interworking	76.4615	124	structural-v1
src/nonmatching/func_02037c48.c	-O2 -interworking	40.4878	92	structural-v1
src/nonmatching/func_02037ca4.c	-O2 -interworking	23.7037	64	structural-v1
src/nonmatching/func_02037ce4.c	-O2 -interworking	89.5455	44	structural-v1
src/nonmatching/func_02037d10.c	-O2 -interworking	56.1998	80	structural-v1
src/nonmatching/func_02037d60.c	-O2 -interworking	80.1449	48	structural-v1
src/nonmatching/func_02037d90.c	-O2 -interworking	51.1111	64	structural-v1
src/nonmatching/func_02037dd0.c	-O2 -interworking	48.8889	64	structural-v1
src/nonmatching/func_02037e10.c	-O2 -interworking	49.1474	244	structural-v1
src/nonmatching/func_02037f04.c	-O2 -interworking	82.5758	44	structural-v1
src/nonmatching/func_02037fcc.c	-O2 -interworking	46.1290	128	structural-v1
src/nonmatching/func_02038054.c	-O2 -interworking	66.9496	60	structural-v1
src/nonmatching/func_020380d4.c	-O2 -interworking	56.8182	96	structural-v1
src/nonmatching/func_02038134.c	-O2 -interworking	53.5065	152	structural-v1
src/nonmatching/func_020381cc.c	-O2 -interworking	91.3333	60	structural-v1
src/nonmatching/func_02038208.c	-O2 -interworking	32.9091	16	structural-v1
src/nonmatching/func_02038218.c	-O2 -interworking	54.0741	168	structural-v1
src/nonmatching/func_020382c0.c	-O2 -interworking	80.6452	60	structural-v1
src/nonmatching/func_020382fc.c	-O2 -interworking	72.1918	152	structural-v1
src/nonmatching/func_02038394.c	-O2 -interworking	40.0000	72	structural-v1
src/nonmatching/func_020383dc.c	-O2 -interworking	30.3333	140	structural-v1
src/nonmatching/func_02038468.c	-O2 -interworking	32.8139	72	structural-v1
src/nonmatching/func_020384b0.c	-O2 -interworking	58.3051	116	structural-v1
src/nonmatching/func_02038524.c	-O2 -interworking	65.6586	148	structural-v1
src/nonmatching/func_020385b8.c	-O2 -interworking	45.1493	216	structural-v1
src/nonmatching/func_02038690.c	-O2 -interworking	32.5926	64	structural-v1
src/nonmatching/func_020386d0.c	-O2 -interworking	30.9091	88	structural-v1
src/nonmatching/func_02038728.c	-O2 -interworking	55.0316	204	structural-v1
src/nonmatching/func_020387f4.c	-O2 -interworking	74.6809	96	structural-v1
src/nonmatching/func_02038854.c	-O2 -interworking	89.7143	68	structural-v1
src/nonmatching/func_02038898.c	-O2 -interworking	46.6667	104	structural-v1
src/nonmatching/func_02038900.c	-O2 -interworking	34.7937	168	structural-v1
src/nonmatching/func_020389a8.c	-O2 -interworking	91.4982	96	structural-v1
src/nonmatching/func_02038a08.c	-O2 -interworking	50.3715	116	structural-v1
src/nonmatching/func_02038a7c.c	-O2 -interworking	82.5758	44	structural-v1
src/nonmatching/func_02038b2c.c	-O2 -interworking	45.6019	116	structural-v1
src/nonmatching/func_02038ba0.c	-O2 -interworking	53.5714	28	structural-v1
src/nonmatching/func_02038bbc.c	-O2 -interworking	72.7586	60	structural-v1
src/nonmatching/func_02038c2c.c	-O2 -interworking	37.6541	72	structural-v1
src/nonmatching/func_02038c88.c	-O2 -interworking	87.0000	20	structural-v1
src/nonmatching/func_02038d4c.c	-O2 -interworking	82.6667	60	structural-v1
src/nonmatching/func_02038e34.c	-O2 -interworking	82.6667	60	structural-v1
src/nonmatching/func_02038f14.c	-O2 -interworking	54.1905	32	structural-v1
src/nonmatching/func_02038f34.c	-O2 -interworking	67.3364	308	structural-v1
src/nonmatching/func_02039068.c	-O2 -interworking	73.6257	38	structural-v1
src/nonmatching/func_02039090.c	-O2 -interworking	77.9116	102	structural-v1
src/nonmatching/func_020390f8.c	-O2 -interworking	32.3428	260	structural-v1
src/nonmatching/func_020391fc.c	-O2 -interworking	60.0393	200	structural-v1
src/nonmatching/func_020392d0.c	-O2 -interworking	38.6842	70	structural-v1
src/nonmatching/func_02039318.c	-O2 -interworking	34.8387	34	structural-v1
src/nonmatching/func_0203933c.c	-O2 -interworking	40.0481	104	structural-v1
src/nonmatching/func_020393a4.c	-O2 -interworking	82.5758	44	structural-v1
src/nonmatching/func_02039564.c	-O2 -interworking	72.2429	56	structural-v1
src/nonmatching/func_020395a4.c	-O2 -interworking	82.6545	22	structural-v1
src/nonmatching/func_020395fc.c	-O2 -interworking	56.6923	26	structural-v1
src/nonmatching/func_0203962c.c	-O2 -interworking	40.0735	82	structural-v1
src/nonmatching/func_02039680.c	-O2 -interworking	77.3737	36	structural-v1
src/nonmatching/func_020396a4.c	-O2 -interworking	60.0000	30	structural-v1
src/nonmatching/func_020396d0.c	-O2 -interworking	50.1678	208	structural-v1
src/nonmatching/func_02039a2c.c	-O2 -interworking	31.4167	44	structural-v1
src/nonmatching/func_02039a58.c	-O2 -interworking	52.9941	128	structural-v1
src/nonmatching/func_02039ad8.c	-O2 -interworking	75.1779	44	structural-v1
src/nonmatching/func_02039b04.c	-O2 -interworking	73.0726	324	structural-v1
src/nonmatching/func_02039c48.c	-O2 -interworking	40.7824	168	structural-v1
src/nonmatching/func_02039cf0.c	-O2 -interworking	32.5300	244	structural-v1
src/nonmatching/func_02039de4.c	-O2 -interworking	85.8442	44	structural-v1
src/nonmatching/func_02039e10.c	-O2 -interworking	42.3842	112	structural-v1
src/nonmatching/func_02039e80.c	-O2 -interworking	24.9558	324	structural-v1
src/nonmatching/func_02039fc4.c	-O2 -interworking	76.4548	28	structural-v1
src/nonmatching/func_02039fe0.c	-O2 -interworking	39.4293	108	structural-v1
src/nonmatching/func_0203a2cc.c	-O2 -interworking	41.7791	164	structural-v1
src/nonmatching/func_0203a370.c	-O2 -interworking	69.4783	48	structural-v1
src/nonmatching/func_0203a3a0.c	-O2 -interworking	21.7777	360	structural-v1
src/nonmatching/func_0203a508.c	-O2 -interworking	33.6588	232	structural-v1
src/nonmatching/func_0203a610.c	-O2 -interworking	49.0000	40	structural-v1
src/nonmatching/func_0203a638.c	-O2 -interworking	15.2778	12	structural-v1
src/nonmatching/func_0203a644.c	-O2 -interworking	15.2778	12	structural-v1
src/nonmatching/func_0203a730.c	-O2 -interworking	17.1505	156	structural-v1
src/nonmatching/func_0203a96c.c	-O2 -interworking	17.6021	152	structural-v1
src/nonmatching/func_0203aa04.c	-O2 -interworking	17.1505	156	structural-v1
src/nonmatching/func_0203aaa0.c	-O2 -interworking	17.1505	156	structural-v1
src/nonmatching/func_0203ab3c.c	-O2 -interworking	20.5665	160	structural-v1
src/nonmatching/func_0203abdc.c	-O2 -interworking	30.4680	80	structural-v1
src/nonmatching/func_0203ac2c.c	-O2 -interworking	30.4680	80	structural-v1
src/nonmatching/func_0203ac7c.c	-O2 -interworking	30.4680	80	structural-v1
src/nonmatching/func_0203accc.c	-O2 -interworking	30.4680	80	structural-v1
src/nonmatching/func_0203ad1c.c	-O2 -interworking	21.1398	88	structural-v1
src/nonmatching/func_0203ad74.c	-O2 -interworking	29.4253	84	structural-v1
src/nonmatching/func_0203adc8.c	-O2 -interworking	21.1398	88	structural-v1
src/nonmatching/func_0203ae20.c	-O2 -interworking	29.4253	84	structural-v1
src/nonmatching/func_0203aed4.c	-O2 -interworking	27.1673	92	structural-v1
src/nonmatching/func_0203af30.c	-O2 -interworking	26.8548	92	structural-v1
src/nonmatching/func_0203af8c.c	-O2 -interworking	85.8442	44	structural-v1
src/nonmatching/func_0203afb8.c	-O2 -interworking	30.0000	56	structural-v1
src/nonmatching/func_0203aff0.c	-O2 -interworking	29.4444	36	structural-v1
src/nonmatching/func_0203b014.c	-O2 -interworking	32.5333	60	structural-v1
src/nonmatching/func_0203b050.c	-O2 -interworking	34.6154	28	structural-v1
src/nonmatching/func_0203b06c.c	-O2 -interworking	29.4444	36	structural-v1
src/nonmatching/func_0203b090.c	-O2 -interworking	29.4444	36	structural-v1
src/nonmatching/func_0203b0b4.c	-O2 -interworking	29.4444	36	structural-v1
src/nonmatching/func_0203b0d8.c	-O2 -interworking	29.4444	36	structural-v1
src/nonmatching/func_0203b0fc.c	-O2 -interworking	24.7802	28	structural-v1
src/nonmatching/func_0203b118.c	-O2 -interworking	34.6154	28	structural-v1
src/nonmatching/func_0203b134.c	-O2 -interworking	34.6154	28	structural-v1
src/nonmatching/func_0203b150.c	-O2 -interworking	34.6154	28	structural-v1
src/nonmatching/func_0203b16c.c	-O2 -interworking	34.6154	28	structural-v1
src/nonmatching/func_0203b188.c	-O2 -interworking	34.6154	28	structural-v1
src/nonmatching/func_0203b1a4.c	-O2 -interworking	34.6154	28	structural-v1
src/nonmatching/func_0203b1c0.c	-O2 -interworking	34.6154	28	structural-v1
src/nonmatching/func_0203b1dc.c	-O2 -interworking	86.0714	16	structural-v1
src/nonmatching/func_0203b1ec.c	-O2 -interworking	84.8214	16	structural-v1
src/nonmatching/func_0203b20c.c	-O2 -interworking	69.0000	20	structural-v1
src/nonmatching/func_0203b220.c	-O2 -interworking	69.0000	20	structural-v1
src/nonmatching/func_0203b234.c	-O2 -interworking	35.5556	164	structural-v1
src/nonmatching/func_0203b2d8.c	-O2 -interworking	49.1231	128	structural-v1
src/nonmatching/func_0203b358.c	-O2 -interworking	73.9553	172	structural-v1
src/nonmatching/func_0203b404.c	-O2 -interworking	78.0556	72	structural-v1
src/nonmatching/func_0203b44c.c	-O2 -interworking	51.8182	36	structural-v1
src/nonmatching/func_0203b470.c	-O2 -interworking	82.5000	80	structural-v1
src/nonmatching/func_0203b4c0.c	-O2 -interworking	55.7003	88	structural-v1
src/nonmatching/func_0203b520.c	-O2 -interworking	82.5758	44	structural-v1
src/nonmatching/func_0203b54c.c	-O2 -interworking	82.5758	44	structural-v1
src/nonmatching/func_0203b5ec.c	-O2 -interworking	75.0000	32	structural-v1
src/nonmatching/func_0203b644.c	-O2 -interworking	61.2138	60	structural-v1
src/nonmatching/func_0203b698.c	-O2 -interworking	58.8966	36	structural-v1
src/nonmatching/func_0203b6e4.c	-O2 -interworking	31.1818	20	structural-v1
src/nonmatching/func_0203b6f8.c	-O2 -interworking	74.2320	128	structural-v1
src/nonmatching/func_0203b778.c	-O2 -interworking	50.8696	44	structural-v1
src/nonmatching/func_0203b7a4.c	-O2 -interworking	45.4622	240	structural-v1
src/nonmatching/func_0203b894.c	-O2 -interworking	43.9111	396	structural-v1
src/nonmatching/func_0203ba20.c	-O2 -interworking	68.9286	112	structural-v1
src/nonmatching/func_0203ba90.c	-O2 -interworking	64.4314	48	structural-v1
src/nonmatching/func_0203bac0.c	-O2 -interworking	52.3871	118	structural-v1
src/nonmatching/func_0203bb78.c	-O2 -interworking	95.2717	48	structural-v1
src/nonmatching/func_0203bbe8.c	-O2 -interworking	69.7403	44	structural-v1
src/nonmatching/func_0203bc14.c	-O2 -interworking	69.0000	20	structural-v1
src/nonmatching/func_0203bc3c.c	-O2 -interworking	92.0968	124	structural-v1
src/nonmatching/func_0203bcb8.c	-O2 -interworking	49.2019	88	structural-v1
src/nonmatching/func_0203bd10.c	-O2 -interworking	58.7651	384	structural-v1
src/nonmatching/func_0203be90.c	-O2 -interworking	29.7925	404	structural-v1
src/nonmatching/func_0203c04c.c	-O2 -interworking	49.2818	128	structural-v1
src/nonmatching/func_0203c0cc.c	-O2 -interworking	74.1667	72	structural-v1
src/nonmatching/func_0203c114.c	-O2 -interworking	35.7065	256	structural-v1
src/nonmatching/func_0203c214.c	-O2 -interworking	67.7500	80	structural-v1
src/nonmatching/func_0203c264.c	-O2 -interworking	76.1111	36	structural-v1
src/nonmatching/func_0203c288.c	-O2 -interworking	48.5000	84	structural-v1
src/nonmatching/func_0203c2dc.c	-O2 -interworking	55.2239	148	structural-v1
src/nonmatching/func_0203c370.c	-O2 -interworking	49.6970	76	structural-v1
src/nonmatching/func_0203c3bc.c	-O2 -interworking	35.1852	64	structural-v1
src/nonmatching/func_0203c3fc.c	-O2 -interworking	77.3810	108	structural-v1
src/nonmatching/func_0203c468.c	-O2 -interworking	60.2367	488	structural-v1
src/nonmatching/func_0203c650.c	-O2 -interworking	28.5390	84	structural-v1
src/nonmatching/func_0203c6a4.c	-O2 -interworking	82.5758	44	structural-v1
src/nonmatching/func_0203c7b4.c	-O2 -interworking	43.1460	160	structural-v1
src/nonmatching/func_0203c854.c	-O2 -interworking	68.8235	72	structural-v1
src/nonmatching/func_0203c8ac.c	-O2 -interworking	90.2273	24	structural-v1
src/nonmatching/func_0203c8c4.c	-O2 -interworking	84.5652	28	structural-v1
src/nonmatching/func_0203c8e0.c	-O2 -interworking	50.7035	88	structural-v1
src/nonmatching/func_0203c938.c	-O2 -interworking	59.0909	22	structural-v1
src/nonmatching/func_0203c950.c	-O2 -interworking	60.0952	48	structural-v1
src/nonmatching/func_0203c980.c	-O2 -interworking	60.0952	48	structural-v1
src/nonmatching/func_0203c9bc.c	-O2 -interworking	58.8727	48	structural-v1
src/nonmatching/func_0203c9ec.c	-O2 -interworking	86.6200	44	structural-v1
src/nonmatching/func_0203ca18.c	-O2 -interworking	65.7966	104	structural-v1
src/nonmatching/func_0203ca80.c	-O2 -interworking	51.7512	64	structural-v1
src/nonmatching/func_0203cac0.c	-O2 -interworking	58.4127	64	structural-v1
src/nonmatching/func_0203cb00.c	-O2 -interworking	76.2937	52	structural-v1
src/nonmatching/func_0203cb34.c	-O2 -interworking	42.8846	54	structural-v1
src/nonmatching/func_0203cb6c.c	-O2 -interworking	38.7118	28	structural-v1
src/nonmatching/func_0203cb88.c	-O2 -interworking	49.6406	70	structural-v1
src/nonmatching/func_0203cbd0.c	-O2 -interworking	42.5589	68	structural-v1
src/nonmatching/func_0203cc14.c	-O2 -interworking	28.7023	134	structural-v1
src/nonmatching/func_0203cc9c.c	-O2 -interworking	38.7199	174	structural-v1
src/nonmatching/func_0203cd4c.c	-O2 -interworking	17.9167	16	structural-v1
src/nonmatching/func_0203cd5c.c	-O2 -interworking	17.9167	16	structural-v1
src/nonmatching/func_0203cd8c.c	-O2 -interworking	50.6250	94	structural-v1
src/nonmatching/func_0203cdec.c	-O2 -interworking	45.2941	80	structural-v1
src/nonmatching/func_0203ce44.c	-O2 -interworking	46.1786	876	structural-v1
src/nonmatching/func_0203d1b0.c	-O2 -interworking	74.1520	38	structural-v1
src/nonmatching/func_0203d1d8.c	-O2 -interworking	43.3481	24	structural-v1
src/nonmatching/func_0203d1f0.c	-O2 -interworking	37.9418	168	structural-v1
src/nonmatching/func_0203d298.c	-O2 -interworking	70.6840	38	structural-v1
src/nonmatching/func_0203d2c0.c	-O2 -interworking	70.6840	38	structural-v1
src/nonmatching/func_0203d2e8.c	-O2 -interworking	52.8330	44	structural-v1
src/nonmatching/func_0203d314.c	-O2 -interworking	33.3946	52	structural-v1
src/nonmatching/func_0203d348.c	-O2 -interworking	82.5758	44	structural-v1
src/nonmatching/func_0203d410.c	-O2 -interworking	60.5098	32	structural-v1
src/nonmatching/func_0203d430.c	-O2 -interworking	46.0204	140	structural-v1
src/nonmatching/func_0203d4bc.c	-O2 -interworking	43.8906	48	structural-v1
src/nonmatching/func_0203d4ec.c	-O2 -interworking	42.9833	50	structural-v1
src/nonmatching/func_0203d520.c	-O2 -interworking	43.3833	50	structural-v1
src/nonmatching/func_0203d554.c	-O2 -interworking	92.8571	14	structural-v1
src/nonmatching/func_0203d564.c	-O2 -interworking	45.2941	80	structural-v1
src/nonmatching/func_0203d5bc.c	-O2 -interworking	74.1520	38	structural-v1
src/nonmatching/func_0203d5e4.c	-O2 -interworking	43.0681	412	structural-v1
src/nonmatching/func_0203d780.c	-O2 -interworking	65.6105	96	structural-v1
src/nonmatching/func_0203d7e0.c	-O2 -interworking	31.0889	56	structural-v1
src/nonmatching/func_0203d818.c	-O2 -interworking	63.4534	56	structural-v1
src/nonmatching/func_0203d850.c	-O2 -interworking	61.7589	50	structural-v1
src/nonmatching/func_0203d884.c	-O2 -interworking	39.6824	48	structural-v1
src/nonmatching/func_0203d8c0.c	-O2 -interworking	44.7302	112	structural-v1
src/nonmatching/func_0203d930.c	-O2 -interworking	44.5548	112	structural-v1
src/nonmatching/func_0203d9a0.c	-O2 -interworking	54.4664	46	structural-v1
src/nonmatching/func_0203d9d0.c	-O2 -interworking	80.8333	24	structural-v1
src/nonmatching/func_0203d9e8.c	-O2 -interworking	40.2506	16	structural-v1
src/nonmatching/func_0203d9f8.c	-O2 -interworking	39.2982	16	structural-v1
src/nonmatching/func_0203da08.c	-O2 -interworking	39.2982	16	structural-v1
src/nonmatching/func_0203da18.c	-O2 -interworking	62.6137	296	structural-v1
src/nonmatching/func_0203db40.c	-O2 -interworking	57.1485	60	structural-v1
src/nonmatching/func_0203db84.c	-O2 -interworking	82.5758	44	structural-v1
src/nonmatching/func_0203dbb0.c	-O2 -interworking	82.5758	44	structural-v1
src/nonmatching/func_0203dc34.c	-O2 -interworking	18.9178	568	structural-v1
src/nonmatching/func_0203de6c.c	-O2 -interworking	41.8130	696	structural-v1
src/nonmatching/func_0203e130.c	-O2 -interworking	82.4405	48	structural-v1
src/nonmatching/func_0203e1a8.c	-O2 -interworking	83.6382	48	structural-v1
src/nonmatching/func_0203e2bc.c	-O2 -interworking	53.9091	20	structural-v1
src/nonmatching/func_0203e2d4.c	-O2 -interworking	38.9670	288	structural-v1
src/nonmatching/func_0203e414.c	-O2 -interworking	23.0804	468	structural-v1
src/nonmatching/func_0203e62c.c	-O2 -interworking	82.4242	32	structural-v1
src/nonmatching/func_0203e65c.c	-O2 -interworking	22.9450	320	structural-v1
src/nonmatching/func_0203e7d4.c	-O2 -interworking	68.1579	40	structural-v1
src/nonmatching/func_0203e7fc.c	-O2 -interworking	91.2941	20	structural-v1
src/nonmatching/func_0203ea58.c	-O2 -interworking	68.1579	40	structural-v1
src/nonmatching/func_0203eca4.c	-O2 -interworking	26.0836	212	structural-v1
src/nonmatching/func_0203ed7c.c	-O2 -interworking	25.9304	500	structural-v1
src/nonmatching/func_0203f31c.c	-O2 -interworking	13.5823	244	structural-v1
src/nonmatching/func_0203f424.c	-O2 -interworking	32.1978	648	structural-v1
src/nonmatching/func_0203f70c.c	-O2 -interworking	17.5611	368	structural-v1
src/nonmatching/func_0203f87c.c	-O2 -interworking	49.2760	144	structural-v1
src/nonmatching/func_0203f90c.c	-O2 -interworking	71.9856	44	structural-v1
src/nonmatching/func_0203f948.c	-O2 -interworking	84.4444	12	structural-v1
src/nonmatching/func_0203f954.c	-O2 -interworking	84.4444	12	structural-v1
src/nonmatching/func_0203f970.c	-O2 -interworking	44.7166	1104	structural-v1
src/nonmatching/func_0203fdc0.c	-O2 -interworking	45.5556	20	structural-v1
src/nonmatching/func_0203fdd4.c	-O2 -interworking	15.2273	24	structural-v1
src/nonmatching/func_0203fdec.c	-O2 -interworking	56.7627	44	structural-v1
src/nonmatching/func_0203fe24.c	-O2 -interworking	69.2308	26	structural-v1
src/nonmatching/func_0203fe4c.c	-O2 -interworking	83.4483	30	structural-v1
src/nonmatching/func_0203fe6c.c	-O2 -interworking	34.4230	808	structural-v1
src/nonmatching/func_02040194.c	-O2 -interworking	81.8919	74	structural-v1
src/nonmatching/func_020401e4.c	-O2 -interworking	45.5331	620	structural-v1
src/nonmatching/func_02040450.c	-O2 -interworking	74.0293	52	structural-v1
src/nonmatching/func_020404a8.c	-O2 -interworking	92.8571	28	structural-v1
src/nonmatching/func_020404c4.c	-O2 -interworking	63.7187	84	structural-v1
src/nonmatching/func_02040518.c	-O2 -interworking	16.3606	364	structural-v1
src/nonmatching/func_020406b8.c	-O2 -interworking	74.6802	120	structural-v1
src/nonmatching/func_02040748.c	-O2 -interworking	78.3483	132	structural-v1
src/nonmatching/func_020407cc.c	-O2 -interworking	33.6459	900	structural-v1
src/nonmatching/func_02040b80.c	-O2 -interworking	69.8039	20	structural-v1
src/nonmatching/func_02040b98.c	-O2 -interworking	33.6107	456	structural-v1
src/nonmatching/func_02040d60.c	-O2 -interworking	50.3889	92	structural-v1
src/nonmatching/func_02040dbc.c	-O2 -interworking	38.5714	12	structural-v1
src/nonmatching/func_02040f28.c	-O2 -interworking	78.3214	70	structural-v1
src/nonmatching/func_02040f74.c	-O2 -interworking	52.9849	192	structural-v1
src/nonmatching/func_02041038.c	-O2 -interworking	95.4545	22	structural-v1
src/nonmatching/func_02041050.c	-O2 -interworking	95.4545	22	structural-v1
src/nonmatching/func_02041070.c	-O2 -interworking	58.8406	44	structural-v1
src/nonmatching/func_0204109c.c	-O2 -interworking	39.4014	100	structural-v1
src/nonmatching/func_02041100.c	-O2 -interworking	56.8012	60	structural-v1
src/nonmatching/func_0204113c.c	-O2 -interworking	38.7037	60	structural-v1
src/nonmatching/func_020411d8.c	-O2 -interworking	35.5968	92	structural-v1
src/nonmatching/func_02041234.c	-O2 -interworking	51.8605	88	structural-v1
src/nonmatching/func_0204128c.c	-O2 -interworking	47.9318	212	structural-v1
src/nonmatching/func_02041360.c	-O2 -interworking	35.5968	92	structural-v1
src/nonmatching/func_020413d4.c	-O2 -interworking	66.0000	20	structural-v1
src/nonmatching/func_0204141c.c	-O2 -interworking	82.5758	44	structural-v1
src/nonmatching/func_02041448.c	-O2 -interworking	83.0303	44	structural-v1
src/nonmatching/func_020414cc.c	-O2 -interworking	56.7213	116	structural-v1
src/nonmatching/func_02041540.c	-O2 -interworking	36.5772	272	structural-v1
src/nonmatching/func_02041650.c	-O2 -interworking	60.3755	48	structural-v1
src/nonmatching/func_02041680.c	-O2 -interworking	81.5556	20	structural-v1
src/nonmatching/func_020416a4.c	-O2 -interworking	36.6908	180	structural-v1
src/nonmatching/func_020418ec.c	-O2 -interworking	25.5814	68	structural-v1
src/nonmatching/func_02041930.c	-O2 -interworking	90.7317	42	structural-v1
src/nonmatching/func_0204195c.c	-O2 -interworking	42.3889	36	structural-v1
src/nonmatching/func_02041984.c	-O2 -interworking	83.9706	34	structural-v1
src/nonmatching/func_020419a8.c	-O2 -interworking	93.0952	42	structural-v1
src/nonmatching/func_020419d4.c	-O2 -interworking	39.4123	120	structural-v1
src/nonmatching/func_02041a4c.c	-O2 -interworking	95.8333	24	structural-v1
src/nonmatching/func_02041a64.c	-O2 -interworking	84.5513	26	structural-v1
src/nonmatching/func_02041a80.c	-O2 -interworking	92.1212	24	structural-v1
src/nonmatching/func_02041a98.c	-O2 -interworking	92.7564	26	structural-v1
src/nonmatching/func_02041ab4.c	-O2 -interworking	92.1212	24	structural-v1
src/nonmatching/func_02041acc.c	-O2 -interworking	64.6615	52	structural-v1
src/nonmatching/func_02041b00.c	-O2 -interworking	54.7464	46	structural-v1
src/nonmatching/func_02041b30.c	-O2 -interworking	50.8296	48	structural-v1
src/nonmatching/func_02041b60.c	-O2 -interworking	46.8889	48	structural-v1
src/nonmatching/func_02041b90.c	-O2 -interworking	46.8889	48	structural-v1
src/nonmatching/func_02041bc0.c	-O2 -interworking	27.4350	564	structural-v1
src/nonmatching/func_02041df4.c	-O2 -interworking	60.9392	372	structural-v1
src/nonmatching/func_02041f68.c	-O2 -interworking	50.7750	116	structural-v1
src/nonmatching/func_02041fdc.c	-O2 -interworking	59.8250	64	structural-v1
src/nonmatching/func_0204201c.c	-O2 -interworking	46.5683	64	structural-v1
src/nonmatching/func_0204205c.c	-O2 -interworking	39.2155	124	structural-v1
src/nonmatching/func_020420d8.c	-O2 -interworking	33.3952	300	structural-v1
src/nonmatching/func_02042204.c	-O2 -interworking	74.8571	68	structural-v1
src/nonmatching/func_020423ac.c	-O2 -interworking	51.4286	42	structural-v1
src/nonmatching/func_020423d8.c	-O2 -interworking	90.1190	56	structural-v1
src/nonmatching/func_02042410.c	-O2 -interworking	50.5926	96	structural-v1
src/nonmatching/func_02042474.c	-O2 -interworking	93.4792	64	structural-v1
src/nonmatching/func_020424b4.c	-O2 -interworking	34.6154	28	structural-v1
src/nonmatching/func_020424d0.c	-O2 -interworking	42.3684	40	structural-v1
src/nonmatching/func_020424f8.c	-O2 -interworking	60.3922	32	structural-v1
src/nonmatching/func_02042518.c	-O2 -interworking	36.4286	76	structural-v1
src/nonmatching/func_02042564.c	-O2 -interworking	79.5918	100	structural-v1
src/nonmatching/func_020425c8.c	-O2 -interworking	53.8654	136	structural-v1
src/nonmatching/func_02042650.c	-O2 -interworking	85.5410	124	structural-v1
src/nonmatching/func_020426cc.c	-O2 -interworking	36.9231	96	structural-v1
src/nonmatching/func_0204272c.c	-O2 -interworking	36.9231	96	structural-v1
src/nonmatching/func_0204278c.c	-O2 -interworking	87.8125	64	structural-v1
src/nonmatching/func_020427cc.c	-O2 -interworking	87.8125	64	structural-v1
src/nonmatching/func_0204281c.c	-O2 -interworking	43.4806	68	structural-v1
src/nonmatching/func_02042870.c	-O2 -interworking	77.3333	12	structural-v1
src/nonmatching/func_0204287c.c	-O2 -interworking	34.8328	188	structural-v1
src/nonmatching/func_0204293c.c	-O2 -interworking	57.5397	36	structural-v1
src/nonmatching/func_02042960.c	-O2 -interworking	50.2439	80	structural-v1
src/nonmatching/func_02042a28.c	-O2 -interworking	49.2090	412	structural-v1
src/nonmatching/func_02042bc4.c	-O2 -interworking	52.1352	200	structural-v1
src/nonmatching/func_02042c8c.c	-O2 -interworking	47.9731	374	structural-v1
src/nonmatching/func_02045c50.c	-O2 -interworking	61.0840	84	structural-v1
src/nonmatching/func_02045ca4.c	-O2 -interworking	81.9643	112	structural-v1
src/nonmatching/func_02045d14.c	-O2 -interworking	82.2335	220	structural-v1
src/nonmatching/func_02045df0.c	-O2 -interworking	77.2727	68	structural-v1
src/nonmatching/func_02045e34.c	-O2 -interworking	48.4375	132	structural-v1
src/nonmatching/func_02045eb8.c	-O2 -interworking	43.6667	60	structural-v1
src/nonmatching/func_02045efc.c	-O2 -interworking	82.5758	44	structural-v1
src/nonmatching/func_02045f28.c	-O2 -interworking	82.5758	44	structural-v1
src/nonmatching/func_02045fac.c	-O2 -interworking	50.0570	196	structural-v1
src/nonmatching/func_02046090.c	-O2 -interworking	69.4118	36	structural-v1
src/nonmatching/func_020460b4.c	-O2 -interworking	38.8710	124	structural-v1
src/nonmatching/func_02046130.c	-O2 -interworking	53.2609	88	structural-v1
src/nonmatching/func_020461a4.c	-O2 -interworking	63.8235	68	structural-v1
src/nonmatching/func_02046204.c	-O2 -interworking	54.2857	104	structural-v1
src/nonmatching/func_0204626c.c	-O2 -interworking	75.5000	80	structural-v1
src/nonmatching/func_020462bc.c	-O2 -interworking	58.9474	80	structural-v1
src/nonmatching/func_0204630c.c	-O2 -interworking	64.8040	264	structural-v1
src/nonmatching/func_02046414.c	-O2 -interworking	94.5833	48	structural-v1
src/nonmatching/func_02046444.c	-O2 -interworking	84.2500	32	structural-v1
src/nonmatching/func_02046464.c	-O2 -interworking	22.1667	28	structural-v1
src/nonmatching/func_02046480.c	-O2 -interworking	82.9167	48	structural-v1
src/nonmatching/func_020464b0.c	-O2 -interworking	87.5000	56	structural-v1
src/nonmatching/func_020464e8.c	-O2 -interworking	90.7143	28	structural-v1
src/nonmatching/func_02046504.c	-O2 -interworking	72.5042	72	structural-v1
src/nonmatching/func_0204654c.c	-O2 -interworking	77.6126	76	structural-v1
src/nonmatching/func_02046598.c	-O2 -interworking	71.0000	64	structural-v1
src/nonmatching/func_020465d8.c	-O2 -interworking	69.0625	68	structural-v1
src/nonmatching/func_0204661c.c	-O2 -interworking	48.6207	56	structural-v1
src/nonmatching/func_02046654.c	-O2 -interworking	71.4286	144	structural-v1
src/nonmatching/func_020466e4.c	-O2 -interworking	56.4286	140	structural-v1
src/nonmatching/func_02046770.c	-O2 -interworking	73.4783	48	structural-v1
src/nonmatching/func_020467a0.c	-O2 -interworking	77.1429	28	structural-v1
src/nonmatching/func_020467bc.c	-O2 -interworking	70.8621	116	structural-v1
src/nonmatching/func_02046868.c	-O2 -interworking	94.5833	48	structural-v1
src/nonmatching/func_02046898.c	-O2 -interworking	79.7727	88	structural-v1
src/nonmatching/func_020468f0.c	-O2 -interworking	81.1538	52	structural-v1
src/nonmatching/func_02046924.c	-O2 -interworking	70.3333	60	structural-v1
src/nonmatching/func_02046960.c	-O2 -interworking	26.9697	72	structural-v1
src/nonmatching/func_020469a8.c	-O2 -interworking	57.4074	160	structural-v1
src/nonmatching/func_02046a48.c	-O2 -interworking	77.9167	44	structural-v1
src/nonmatching/func_02046a90.c	-O2 -interworking	81.2500	48	structural-v1
src/nonmatching/func_02046ac0.c	-O2 -interworking	87.5000	40	structural-v1
src/nonmatching/func_02046ae8.c	-O2 -interworking	73.3333	100	structural-v1
src/nonmatching/func_02046b4c.c	-O2 -interworking	82.9630	56	structural-v1
src/nonmatching/func_02046b84.c	-O2 -interworking	92.1875	64	structural-v1
src/nonmatching/func_02046bc4.c	-O2 -interworking	79.7727	88	structural-v1
src/nonmatching/func_02046c1c.c	-O2 -interworking	67.6471	112	structural-v1
src/nonmatching/func_02046c8c.c	-O2 -interworking	64.1935	132	structural-v1
src/nonmatching/func_02046d10.c	-O2 -interworking	90.7692	52	structural-v1
src/nonmatching/func_02046d44.c	-O2 -interworking	74.4000	104	structural-v1
src/nonmatching/func_02046dac.c	-O2 -interworking	76.1905	128	structural-v1
src/nonmatching/func_02046e2c.c	-O2 -interworking	80.3077	132	structural-v1
src/nonmatching/func_02046eb0.c	-O2 -interworking	70.7767	200	structural-v1
src/nonmatching/func_02046f78.c	-O2 -interworking	60.3614	176	structural-v1
src/nonmatching/func_02047028.c	-O2 -interworking	42.2857	60	structural-v1
src/nonmatching/func_02047078.c	-O2 -interworking	63.8242	144	structural-v1
src/nonmatching/func_02047108.c	-O2 -interworking	52.6727	76	structural-v1
src/nonmatching/func_02047154.c	-O2 -interworking	40.7143	72	structural-v1
src/nonmatching/func_020471a4.c	-O2 -interworking	66.9449	240	structural-v1
src/nonmatching/func_02047294.c	-O2 -interworking	85.0000	16	structural-v1
src/nonmatching/func_020472a4.c	-O2 -interworking	68.5714	56	structural-v1
src/nonmatching/func_020472dc.c	-O2 -interworking	73.3412	160	structural-v1
src/nonmatching/func_0204737c.c	-O2 -interworking	77.8261	92	structural-v1
src/nonmatching/func_020473d8.c	-O2 -interworking	70.9624	156	structural-v1
src/nonmatching/func_02047474.c	-O2 -interworking	62.5000	76	structural-v1
src/nonmatching/func_020474c0.c	-O2 -interworking	66.1644	144	structural-v1
src/nonmatching/func_02047550.c	-O2 -interworking	39.8599	216	structural-v1
src/nonmatching/func_02047628.c	-O2 -interworking	73.9474	76	structural-v1
src/nonmatching/func_02047674.c	-O2 -interworking	82.8571	40	structural-v1
src/nonmatching/func_0204769c.c	-O2 -interworking	47.4074	120	structural-v1
src/nonmatching/func_02047714.c	-O2 -interworking	37.4286	76	structural-v1
src/nonmatching/func_02047760.c	-O2 -interworking	55.3313	144	structural-v1
src/nonmatching/func_020477f0.c	-O2 -interworking	35.9860	124	structural-v1
src/nonmatching/func_0204786c.c	-O2 -interworking	41.2811	140	structural-v1
src/nonmatching/func_020478f8.c	-O2 -interworking	84.0761	48	structural-v1
src/nonmatching/func_02047928.c	-O2 -interworking	89.1667	48	structural-v1
src/nonmatching/func_02047958.c	-O2 -interworking	73.1333	48	structural-v1
src/nonmatching/func_02047988.c	-O2 -interworking	85.0000	48	structural-v1
src/nonmatching/func_020479b8.c	-O2 -interworking	64.3478	92	structural-v1
src/nonmatching/func_02047a14.c	-O2 -interworking	56.3415	80	structural-v1
src/nonmatching/func_02047a64.c	-O2 -interworking	82.6471	68	structural-v1
src/nonmatching/func_02047aa8.c	-O2 -interworking	86.1538	52	structural-v1
src/nonmatching/func_02047adc.c	-O2 -interworking	61.0909	112	structural-v1
src/nonmatching/func_02047b4c.c	-O2 -interworking	70.6928	120	structural-v1
src/nonmatching/func_02047bc4.c	-O2 -interworking	16.6667	16	structural-v1
src/nonmatching/func_02047bd4.c	-O2 -interworking	80.0000	40	structural-v1
src/nonmatching/func_02047bfc.c	-O2 -interworking	38.4131	360	structural-v1
src/nonmatching/func_02047d64.c	-O2 -interworking	51.2222	180	structural-v1
src/nonmatching/func_02047e18.c	-O2 -interworking	82.9412	272	structural-v1
src/nonmatching/func_02047f28.c	-O2 -interworking	58.1250	64	structural-v1
src/nonmatching/func_02047f68.c	-O2 -interworking	52.1739	136	structural-v1
src/nonmatching/func_02047ff0.c	-O2 -interworking	80.0000	36	structural-v1
src/nonmatching/func_02048014.c	-O2 -interworking	43.4884	88	structural-v1
src/nonmatching/func_0204806c.c	-O2 -interworking	87.0000	40	structural-v1
src/nonmatching/func_02048094.c	-O2 -interworking	85.5556	36	structural-v1
src/nonmatching/func_020480b8.c	-O2 -interworking	37.5641	164	structural-v1
src/nonmatching/func_0204815c.c	-O2 -interworking	48.3333	24	structural-v1
src/nonmatching/func_0204819c.c	-O2 -interworking	61.0294	40	structural-v1
src/nonmatching/func_020481c4.c	-O2 -interworking	59.8824	172	structural-v1
src/nonmatching/func_02048278.c	-O2 -interworking	74.9242	48	structural-v1
src/nonmatching/func_020482a8.c	-O2 -interworking	44.5886	208	structural-v1
src/nonmatching/func_02048378.c	-O2 -interworking	57.2519	320	structural-v1
src/nonmatching/func_020484b8.c	-O2 -interworking	42.5397	116	structural-v1
src/nonmatching/func_0204852c.c	-O2 -interworking	39.8007	84	structural-v1
src/nonmatching/func_02048580.c	-O2 -interworking	51.7225	152	structural-v1
src/nonmatching/func_02048618.c	-O2 -interworking	32.5583	232	structural-v1
src/nonmatching/func_02048700.c	-O2 -interworking	29.8128	84	structural-v1
src/nonmatching/func_02048754.c	-O2 -interworking	40.2857	216	structural-v1
src/nonmatching/func_0204882c.c	-O2 -interworking	41.4706	72	structural-v1
src/nonmatching/func_02048874.c	-O2 -interworking	36.1765	72	structural-v1
src/nonmatching/func_020488bc.c	-O2 -interworking	35.0000	84	structural-v1
src/nonmatching/func_02048910.c	-O2 -interworking	87.0000	40	structural-v1
src/nonmatching/func_02048938.c	-O2 -interworking	38.1538	240	structural-v1
src/nonmatching/func_02048a28.c	-O2 -interworking	45.0000	64	structural-v1
src/nonmatching/func_02048a68.c	-O2 -interworking	43.1579	80	structural-v1
src/nonmatching/func_02048ab8.c	-O2 -interworking	42.9085	68	structural-v1
src/nonmatching/func_02048afc.c	-O2 -interworking	42.8000	104	structural-v1
src/nonmatching/func_02048b64.c	-O2 -interworking	46.0526	72	structural-v1
src/nonmatching/func_02048bac.c	-O2 -interworking	88.1818	44	structural-v1
src/nonmatching/func_02048bd8.c	-O2 -interworking	84.8780	80	structural-v1
src/nonmatching/func_02048c28.c	-O2 -interworking	85.0000	52	structural-v1
src/nonmatching/func_02048c5c.c	-O2 -interworking	27.8271	176	structural-v1
src/nonmatching/func_02048d0c.c	-O2 -interworking	55.6182	104	structural-v1
src/nonmatching/func_02048d74.c	-O2 -interworking	82.4000	100	structural-v1
src/nonmatching/func_02048dd8.c	-O2 -interworking	44.1615	100	structural-v1
src/nonmatching/func_02048e3c.c	-O2 -interworking	39.9036	232	structural-v1
src/nonmatching/func_02048f24.c	-O2 -interworking	65.4648	156	structural-v1
src/nonmatching/func_02048fc0.c	-O2 -interworking	43.5417	100	structural-v1
src/nonmatching/func_02049024.c	-O2 -interworking	36.7273	116	structural-v1
src/nonmatching/func_02049098.c	-O2 -interworking	37.6823	280	structural-v1
src/nonmatching/func_020491b0.c	-O2 -interworking	35.0388	260	structural-v1
src/nonmatching/func_020492b4.c	-O2 -interworking	59.0000	124	structural-v1
src/nonmatching/func_02049330.c	-O2 -interworking	38.4242	92	structural-v1
src/nonmatching/func_0204938c.c	-O2 -interworking	68.5862	252	structural-v1
src/nonmatching/func_02049488.c	-O2 -interworking	48.2342	156	structural-v1
src/nonmatching/func_02049524.c	-O2 -interworking	45.4910	136	structural-v1
src/nonmatching/func_020495ac.c	-O2 -interworking	42.7919	120	structural-v1
src/nonmatching/func_02049624.c	-O2 -interworking	46.5238	44	structural-v1
src/nonmatching/func_0204966c.c	-O2 -interworking	80.0000	36	structural-v1
src/nonmatching/func_02049690.c	-O2 -interworking	33.6111	68	structural-v1
src/nonmatching/func_020496d4.c	-O2 -interworking	23.1157	304	structural-v1
src/nonmatching/func_02049848.c	-O2 -interworking	43.6667	56	structural-v1
src/nonmatching/func_02049880.c	-O2 -interworking	48.9882	100	structural-v1
src/nonmatching/func_020498e4.c	-O2 -interworking	36.3636	40	structural-v1
src/nonmatching/func_0204990c.c	-O2 -interworking	48.2404	80	structural-v1
src/nonmatching/func_0204995c.c	-O2 -interworking	82.8571	40	structural-v1
src/nonmatching/func_02049984.c	-O2 -interworking	82.8571	40	structural-v1
src/nonmatching/func_020499ac.c	-O2 -interworking	47.7419	64	structural-v1
src/nonmatching/func_020499ec.c	-O2 -interworking	48.2927	84	structural-v1
src/nonmatching/func_02049a40.c	-O2 -interworking	39.6151	700	structural-v1
src/nonmatching/func_02049cfc.c	-O2 -interworking	51.6365	216	structural-v1
src/nonmatching/func_02049dd4.c	-O2 -interworking	70.3564	208	structural-v1
src/nonmatching/func_02049ea4.c	-O2 -interworking	44.4595	144	structural-v1
src/nonmatching/func_02049f64.c	-O2 -interworking	37.4422	160	structural-v1
src/nonmatching/func_0204a004.c	-O2 -interworking	64.1667	88	structural-v1
src/nonmatching/func_0204a05c.c	-O2 -interworking	86.8571	68	structural-v1
src/nonmatching/func_0204a0a0.c	-O2 -interworking	32.7802	136	structural-v1
src/nonmatching/func_0204a128.c	-O2 -interworking	64.3632	264	structural-v1
src/nonmatching/func_0204a230.c	-O2 -interworking	44.1109	188	structural-v1
src/nonmatching/func_0204a6a8.c	-O2 -interworking	71.3462	92	structural-v1
src/nonmatching/func_0204a704.c	-O2 -interworking	66.0000	56	structural-v1
src/nonmatching/func_0204a73c.c	-O2 -interworking	84.5000	40	structural-v1
src/nonmatching/func_0204a77c.c	-O2 -interworking	47.9174	136	structural-v1
src/nonmatching/func_0204a804.c	-O2 -interworking	32.0690	52	structural-v1
src/nonmatching/func_0204a838.c	-O2 -interworking	77.5196	132	structural-v1
src/nonmatching/func_0204a8bc.c	-O2 -interworking	77.2222	72	structural-v1
src/nonmatching/func_0204a904.c	-O2 -interworking	47.9592	96	structural-v1
src/nonmatching/func_0204a964.c	-O2 -interworking	34.9012	136	structural-v1
src/nonmatching/func_0204a9ec.c	-O2 -interworking	48.2985	88	structural-v1
src/nonmatching/func_0204aa44.c	-O2 -interworking	85.5556	196	structural-v1
src/nonmatching/func_0204ab08.c	-O2 -interworking	51.2617	292	structural-v1
src/nonmatching/func_0204ac2c.c	-O2 -interworking	89.1803	244	structural-v1
src/nonmatching/func_0204ad20.c	-O2 -interworking	75.6410	156	structural-v1
src/nonmatching/func_0204adbc.c	-O2 -interworking	52.8357	80	structural-v1
src/nonmatching/func_0204ae0c.c	-O2 -interworking	55.0909	120	structural-v1
src/nonmatching/func_0204ae84.c	-O2 -interworking	34.6646	1548	structural-v1
src/nonmatching/func_0204b490.c	-O2 -interworking	86.4706	32	structural-v1
src/nonmatching/func_0204b4b0.c	-O2 -interworking	72.9538	52	structural-v1
src/nonmatching/func_0204b664.c	-O2 -interworking	73.7113	176	structural-v1
src/nonmatching/func_0204b714.c	-O2 -interworking	31.8182	48	structural-v1
src/nonmatching/func_0204b744.c	-O2 -interworking	73.6570	184	structural-v1
src/nonmatching/func_0204b7fc.c	-O2 -interworking	36.0234	36	structural-v1
src/nonmatching/func_0204b820.c	-O2 -interworking	89.1622	68	structural-v1
src/nonmatching/func_0204b864.c	-O2 -interworking	30.9967	76	structural-v1
src/nonmatching/func_0204b8b0.c	-O2 -interworking	31.5233	132	structural-v1
src/nonmatching/func_0204b934.c	-O2 -interworking	76.0000	172	structural-v1
src/nonmatching/func_0204b9e0.c	-O2 -interworking	44.4828	64	structural-v1
src/nonmatching/func_0204ba20.c	-O2 -interworking	41.2595	128	structural-v1
src/nonmatching/func_0204baa0.c	-O2 -interworking	43.7198	76	structural-v1
src/nonmatching/func_0204baec.c	-O2 -interworking	50.2222	88	structural-v1
src/nonmatching/func_0204bb44.c	-O2 -interworking	61.2821	76	structural-v1
src/nonmatching/func_0204bb90.c	-O2 -interworking	60.5556	84	structural-v1
src/nonmatching/func_0204bbe4.c	-O2 -interworking	55.4331	256	structural-v1
src/nonmatching/func_0204bce4.c	-O2 -interworking	29.0909	92	structural-v1
src/nonmatching/func_0204bd40.c	-O2 -interworking	56.5775	132	structural-v1
src/nonmatching/func_0204bdc4.c	-O2 -interworking	74.0909	40	structural-v1
src/nonmatching/func_0204bdec.c	-O2 -interworking	30.3912	92	structural-v1
src/nonmatching/func_0204be48.c	-O2 -interworking	40.0990	228	structural-v1
src/nonmatching/func_0204bf2c.c	-O2 -interworking	55.7006	368	structural-v1
src/nonmatching/func_0204c09c.c	-O2 -interworking	58.4831	180	structural-v1
src/nonmatching/func_0204c150.c	-O2 -interworking	67.6277	568	structural-v1
src/nonmatching/func_0204c388.c	-O2 -interworking	39.8507	128	structural-v1
src/nonmatching/func_0204c408.c	-O2 -interworking	59.2683	168	structural-v1
src/nonmatching/func_0204c4b0.c	-O2 -interworking	70.4414	156	structural-v1
src/nonmatching/func_0204c54c.c	-O2 -interworking	52.1018	152	structural-v1
src/nonmatching/func_0204c5e4.c	-O2 -interworking	88.2143	112	structural-v1
src/nonmatching/func_0204c654.c	-O2 -interworking	42.3040	200	structural-v1
src/nonmatching/func_0204c71c.c	-O2 -interworking	43.2504	68	structural-v1
src/nonmatching/func_0204c760.c	-O2 -interworking	65.8904	144	structural-v1
src/nonmatching/func_0204c7f0.c	-O2 -interworking	66.8868	208	structural-v1
src/nonmatching/func_0204c8c0.c	-O2 -interworking	47.9102	112	structural-v1
src/nonmatching/func_0204c980.c	-O2 -interworking	45.7895	36	structural-v1
src/nonmatching/func_0204c9a4.c	-O2 -interworking	45.2632	36	structural-v1
src/nonmatching/func_0204c9c8.c	-O2 -interworking	81.8519	52	structural-v1
src/nonmatching/func_0204c9fc.c	-O2 -interworking	49.8214	112	structural-v1
src/nonmatching/func_0204ca6c.c	-O2 -interworking	54.7170	212	structural-v1
src/nonmatching/func_0204cb40.c	-O2 -interworking	77.4359	232	structural-v1
src/nonmatching/func_0204cc28.c	-O2 -interworking	83.1461	176	structural-v1
src/nonmatching/func_0204ccd8.c	-O2 -interworking	50.0000	48	structural-v1
src/nonmatching/func_0204cd08.c	-O2 -interworking	30.9091	80	structural-v1
src/nonmatching/func_0204cd58.c	-O2 -interworking	86.9767	84	structural-v1
src/nonmatching/func_0204cdac.c	-O2 -interworking	44.6552	120	structural-v1
src/nonmatching/func_0204ce24.c	-O2 -interworking	57.3529	68	structural-v1
src/nonmatching/func_0204ce68.c	-O2 -interworking	86.8605	168	structural-v1
src/nonmatching/func_0204cf2c.c	-O2 -interworking	50.8824	60	structural-v1
src/nonmatching/func_0204cf68.c	-O2 -interworking	37.3973	144	structural-v1
src/nonmatching/func_0204cff8.c	-O2 -interworking	51.6667	132	structural-v1
src/nonmatching/func_0204d07c.c	-O2 -interworking	45.8242	184	structural-v1
src/nonmatching/func_0204d134.c	-O2 -interworking	23.9031	48	structural-v1
src/nonmatching/func_0204d164.c	-O2 -interworking	36.8085	96	structural-v1
src/nonmatching/func_0204d1c4.c	-O2 -interworking	55.0000	20	structural-v1
src/nonmatching/func_0204d2f4.c	-O2 -interworking	93.9474	76	structural-v1
src/nonmatching/func_0204d340.c	-O2 -interworking	63.6752	236	structural-v1
src/nonmatching/func_0204d42c.c	-O2 -interworking	55.7438	492	structural-v1
src/nonmatching/func_0204d618.c	-O2 -interworking	55.5263	300	structural-v1
src/nonmatching/func_0204d744.c	-O2 -interworking	68.6538	208	structural-v1
src/nonmatching/func_0204d814.c	-O2 -interworking	12.3872	140	structural-v1
src/nonmatching/func_0204d8a0.c	-O2 -interworking	52.0408	200	structural-v1
src/nonmatching/func_0204d968.c	-O2 -interworking	61.3218	348	structural-v1
src/nonmatching/func_0204dac4.c	-O2 -interworking	77.0370	56	structural-v1
src/nonmatching/func_0204dafc.c	-O2 -interworking	83.5556	88	structural-v1
src/nonmatching/func_0204db54.c	-O2 -interworking	39.6396	220	structural-v1
src/nonmatching/func_0204dc30.c	-O2 -interworking	46.0241	160	structural-v1
src/nonmatching/func_0204dcd0.c	-O2 -interworking	49.1667	176	structural-v1
src/nonmatching/func_0204dd80.c	-O2 -interworking	71.8750	120	structural-v1
src/nonmatching/func_0204ddf8.c	-O2 -interworking	63.0252	240	structural-v1
src/nonmatching/func_0204dee8.c	-O2 -interworking	67.8723	92	structural-v1
src/nonmatching/func_0204df44.c	-O2 -interworking	76.2500	64	structural-v1
src/nonmatching/func_0204df84.c	-O2 -interworking	73.1579	152	structural-v1
src/nonmatching/func_0204e01c.c	-O2 -interworking	79.4000	100	structural-v1
src/nonmatching/func_0204e080.c	-O2 -interworking	42.5490	200	structural-v1
src/nonmatching/func_0204e148.c	-O2 -interworking	74.3671	316	structural-v1
src/nonmatching/func_0204e284.c	-O2 -interworking	70.9065	168	structural-v1
src/nonmatching/func_0204e32c.c	-O2 -interworking	63.1512	168	structural-v1
src/nonmatching/func_0204e3d4.c	-O2 -interworking	68.4375	60	structural-v1
src/nonmatching/func_0204e454.c	-O2 -interworking	35.5385	136	structural-v1
src/nonmatching/func_0204e4dc.c	-O2 -interworking	39.4419	104	structural-v1
src/nonmatching/func_0204e544.c	-O2 -interworking	63.0769	24	structural-v1
src/nonmatching/func_0204e55c.c	-O2 -interworking	57.8571	84	structural-v1
src/nonmatching/func_0204e5b4.c	-O2 -interworking	68.2857	28	structural-v1
src/nonmatching/func_0204e5d0.c	-O2 -interworking	68.2857	28	structural-v1
src/nonmatching/func_0204e5ec.c	-O2 -interworking	23.0711	232	structural-v1
src/nonmatching/func_0204e6d4.c	-O2 -interworking	81.3385	52	structural-v1
src/nonmatching/func_0204e708.c	-O2 -interworking	75.0000	116	structural-v1
src/nonmatching/func_0204e77c.c	-O2 -interworking	43.1202	136	structural-v1
src/nonmatching/func_0204e804.c	-O2 -interworking	53.5294	72	structural-v1
src/nonmatching/func_0204e84c.c	-O2 -interworking	68.9832	112	structural-v1
src/nonmatching/func_0204e8bc.c	-O2 -interworking	49.9753	308	structural-v1
src/nonmatching/func_0204e9f0.c	-O2 -interworking	45.5865	80	structural-v1
src/nonmatching/func_0204ea40.c	-O2 -interworking	53.3422	96	structural-v1
src/nonmatching/func_0204eaa0.c	-O2 -interworking	63.9791	112	structural-v1
src/nonmatching/func_0204eb10.c	-O2 -interworking	54.4536	116	structural-v1
src/nonmatching/func_0204eb84.c	-O2 -interworking	44.7425	216	structural-v1
src/nonmatching/func_0204ec5c.c	-O2 -interworking	44.8369	156	structural-v1
src/nonmatching/func_0204ecf8.c	-O2 -interworking	50.2604	632	structural-v1
src/nonmatching/func_0204ef70.c	-O2 -interworking	41.9371	152	structural-v1
src/nonmatching/func_0204f008.c	-O2 -interworking	83.2609	92	structural-v1
src/nonmatching/func_0204f064.c	-O2 -interworking	47.3006	144	structural-v1
src/nonmatching/func_0204f0f4.c	-O2 -interworking	26.9522	316	structural-v1
src/nonmatching/func_0204f230.c	-O2 -interworking	41.8231	136	structural-v1
src/nonmatching/func_0204f2bc.c	-O2 -interworking	23.8327	488	structural-v1
src/nonmatching/func_0204f4a4.c	-O2 -interworking	72.6667	28	structural-v1
src/nonmatching/func_0204f4c0.c	-O2 -interworking	36.5217	48	structural-v1
src/nonmatching/func_0204f4f0.c	-O2 -interworking	54.4706	156	structural-v1
src/nonmatching/func_0204f58c.c	-O2 -interworking	53.6656	192	structural-v1
src/nonmatching/func_0204f64c.c	-O2 -interworking	86.8000	100	structural-v1
src/nonmatching/func_0204f6b0.c	-O2 -interworking	15.2083	580	structural-v1
src/nonmatching/func_0204f8f4.c	-O2 -interworking	26.1111	40	structural-v1
src/nonmatching/func_0204f91c.c	-O2 -interworking	56.2014	280	structural-v1
src/nonmatching/func_0204fa34.c	-O2 -interworking	33.1461	184	structural-v1
src/nonmatching/func_0204faec.c	-O2 -interworking	48.7879	68	structural-v1
src/nonmatching/func_0204fb30.c	-O2 -interworking	47.7772	152	structural-v1
src/nonmatching/func_0204fbc8.c	-O2 -interworking	42.0455	88	structural-v1
src/nonmatching/func_0204fc20.c	-O2 -interworking	44.6875	128	structural-v1
src/nonmatching/func_0204fca0.c	-O2 -interworking	89.8361	120	structural-v1
src/nonmatching/func_0204fd18.c	-O2 -interworking	78.0645	60	structural-v1
src/nonmatching/func_0204fd54.c	-O2 -interworking	33.9780	284	structural-v1
src/nonmatching/func_0204fe70.c	-O2 -interworking	44.8718	224	structural-v1
src/nonmatching/func_0204ff50.c	-O2 -interworking	36.2500	216	structural-v1
src/nonmatching/func_02050028.c	-O2 -interworking	41.0909	216	structural-v1
src/nonmatching/func_02050100.c	-O2 -interworking	48.4127	120	structural-v1
src/nonmatching/func_02050178.c	-O2 -interworking	47.0833	44	structural-v1
src/nonmatching/func_020501a4.c	-O2 -interworking	88.3333	24	structural-v1
src/nonmatching/func_020501bc.c	-O2 -interworking	38.0453	156	structural-v1
src/nonmatching/func_0205045c.c	-O2 -interworking	57.2581	128	structural-v1
src/nonmatching/func_020504dc.c	-O2 -interworking	51.9969	232	structural-v1
src/nonmatching/func_020505c4.c	-O2 -interworking	45.5531	184	structural-v1
src/nonmatching/func_02050690.c	-O2 -interworking	56.8925	128	structural-v1
src/nonmatching/func_02050710.c	-O2 -interworking	35.1849	68	structural-v1
src/nonmatching/func_02050754.c	-O2 -interworking	36.7023	68	structural-v1
src/nonmatching/func_02050798.c	-O2 -interworking	57.6315	168	structural-v1
src/nonmatching/func_02050840.c	-O2 -interworking	26.7603	436	structural-v1
src/nonmatching/func_020509f4.c	-O2 -interworking	15.7554	188	structural-v1
src/nonmatching/func_02050ab0.c	-O2 -interworking	40.9302	88	structural-v1
src/nonmatching/func_02050b08.c	-O2 -interworking	43.2878	152	structural-v1
src/nonmatching/func_02050ba0.c	-O2 -interworking	74.4068	120	structural-v1
src/nonmatching/func_02050c18.c	-O2 -interworking	86.3043	92	structural-v1
src/nonmatching/func_02050c74.c	-O2 -interworking	81.0294	104	structural-v1
src/nonmatching/func_02050cdc.c	-O2 -interworking	38.2927	76	structural-v1
src/nonmatching/func_02050d28.c	-O2 -interworking	84.1463	80	structural-v1
src/nonmatching/func_02051054.c	-O2 -interworking	69.0909	132	structural-v1
src/nonmatching/func_020510d8.c	-O2 -interworking	59.3177	164	structural-v1
src/nonmatching/func_0205117c.c	-O2 -interworking	82.7256	120	structural-v1
src/nonmatching/func_020511f4.c	-O2 -interworking	30.9164	452	structural-v1
src/nonmatching/func_020513d8.c	-O2 -interworking	36.4229	228	structural-v1
src/nonmatching/func_020514bc.c	-O2 -interworking	32.9306	100	structural-v1
src/nonmatching/func_02051534.c	-O2 -interworking	29.6689	284	structural-v1
src/nonmatching/func_02051650.c	-O2 -interworking	40.3838	312	structural-v1
src/nonmatching/func_02051788.c	-O2 -interworking	36.0060	432	structural-v1
src/nonmatching/func_02051938.c	-O2 -interworking	54.8427	412	structural-v1
src/nonmatching/func_02051ad4.c	-O2 -interworking	38.2229	336	structural-v1
src/nonmatching/func_02051f1c.c	-O2 -interworking	32.2613	136	structural-v1
src/nonmatching/func_02051fa4.c	-O2 -interworking	32.4127	88	structural-v1
src/nonmatching/func_02051ffc.c	-O2 -interworking	32.6667	104	structural-v1
src/nonmatching/func_02052064.c	-O2 -interworking	47.9825	228	structural-v1
src/nonmatching/func_02052148.c	-O2 -interworking	54.7059	60	structural-v1
src/nonmatching/func_02052184.c	-O2 -interworking	32.7494	212	structural-v1
src/nonmatching/func_02052258.c	-O2 -interworking	69.7368	224	structural-v1
src/nonmatching/func_02052338.c	-O2 -interworking	20.2381	104	structural-v1
src/nonmatching/func_020523a0.c	-O2 -interworking	81.1765	68	structural-v1
src/nonmatching/func_020523e4.c	-O2 -interworking	38.0882	136	structural-v1
src/nonmatching/func_0205246c.c	-O2 -interworking	74.0678	120	structural-v1
src/nonmatching/func_020524e4.c	-O2 -interworking	62.1429	104	structural-v1
src/nonmatching/func_0205254c.c	-O2 -interworking	49.3694	216	structural-v1
src/nonmatching/func_02052624.c	-O2 -interworking	62.3111	312	structural-v1
src/nonmatching/func_0205275c.c	-O2 -interworking	8.1868	44	structural-v1
src/nonmatching/func_02052788.c	-O2 -interworking	46.2025	160	structural-v1
src/nonmatching/func_02052828.c	-O2 -interworking	61.3193	132	structural-v1
src/nonmatching/func_020528ac.c	-O2 -interworking	67.3199	112	structural-v1
src/nonmatching/func_0205291c.c	-O2 -interworking	50.0000	76	structural-v1
src/nonmatching/func_02052a90.c	-O2 -interworking	36.5449	116	structural-v1
src/nonmatching/func_02052b04.c	-O2 -interworking	62.5900	84	structural-v1
src/nonmatching/func_02052b58.c	-O2 -interworking	41.9254	172	structural-v1
src/nonmatching/func_02052c04.c	-O2 -interworking	38.5556	136	structural-v1
src/nonmatching/func_02052c8c.c	-O2 -interworking	64.9091	96	structural-v1
src/nonmatching/func_02052cec.c	-O2 -interworking	64.8902	88	structural-v1
src/nonmatching/func_02052d44.c	-O2 -interworking	23.4579	216	structural-v1
src/nonmatching/func_02052e1c.c	-O2 -interworking	45.6969	128	structural-v1
src/nonmatching/func_02052e9c.c	-O2 -interworking	53.0928	188	structural-v1
src/nonmatching/func_02052f58.c	-O2 -interworking	33.8776	192	structural-v1
src/nonmatching/func_02053018.c	-O2 -interworking	39.6667	160	structural-v1
src/nonmatching/func_020530b8.c	-O2 -interworking	46.0000	56	structural-v1
src/nonmatching/func_020530f0.c	-O2 -interworking	41.3004	60	structural-v1
src/nonmatching/func_0205312c.c	-O2 -interworking	31.7707	204	structural-v1
src/nonmatching/func_020531f8.c	-O2 -interworking	38.5417	188	structural-v1
src/nonmatching/func_020532b4.c	-O2 -interworking	40.3634	112	structural-v1
src/nonmatching/func_02053324.c	-O2 -interworking	63.1618	248	structural-v1
src/nonmatching/func_0205341c.c	-O2 -interworking	37.5000	52	structural-v1
src/nonmatching/func_02053450.c	-O2 -interworking	37.6712	144	structural-v1
src/nonmatching/func_020534e0.c	-O2 -interworking	25.0619	812	structural-v1
src/nonmatching/func_0205380c.c	-O2 -interworking	50.4452	136	structural-v1
src/nonmatching/func_020538b4.c	-O2 -interworking	51.9608	100	structural-v1
src/nonmatching/func_02053918.c	-O2 -interworking	77.3529	64	structural-v1
src/nonmatching/func_02053958.c	-O2 -interworking	40.0000	96	structural-v1
src/nonmatching/func_020539bc.c	-O2 -interworking	83.4848	44	structural-v1
src/nonmatching/func_020539e8.c	-O2 -interworking	51.7647	24	structural-v1
src/nonmatching/func_02053a00.c	-O2 -interworking	84.9294	64	structural-v1
src/nonmatching/func_02053a40.c	-O2 -interworking	71.3333	24	structural-v1
src/nonmatching/func_02053a58.c	-O2 -interworking	82.3404	92	structural-v1
src/nonmatching/func_02053ab4.c	-O2 -interworking	64.7059	92	structural-v1
src/nonmatching/func_02053b10.c	-O2 -interworking	57.9998	432	structural-v1
src/nonmatching/func_02053cc0.c	-O2 -interworking	42.1779	436	structural-v1
src/nonmatching/func_02053e74.c	-O2 -interworking	82.0274	336	structural-v1
src/nonmatching/func_02053fc4.c	-O2 -interworking	38.8889	100	structural-v1
src/nonmatching/func_02054028.c	-O2 -interworking	32.1173	132	structural-v1
src/nonmatching/func_0205411c.c	-O2 -interworking	73.7500	100	structural-v1
src/nonmatching/func_02054180.c	-O2 -interworking	39.1165	116	structural-v1
src/nonmatching/func_020541f4.c	-O2 -interworking	61.3889	204	structural-v1
src/nonmatching/func_020542c0.c	-O2 -interworking	51.7778	176	structural-v1
src/nonmatching/func_02054370.c	-O2 -interworking	54.4444	152	structural-v1
src/nonmatching/func_02054408.c	-O2 -interworking	39.2475	304	structural-v1
src/nonmatching/func_02054538.c	-O2 -interworking	51.0916	376	structural-v1
src/nonmatching/func_020546b0.c	-O2 -interworking	85.8182	108	structural-v1
src/nonmatching/func_0205471c.c	-O2 -interworking	73.3000	196	structural-v1
src/nonmatching/func_020547e0.c	-O2 -interworking	59.5652	180	structural-v1
src/nonmatching/func_02054894.c	-O2 -interworking	49.8214	108	structural-v1
src/nonmatching/func_02054904.c	-O2 -interworking	56.6667	152	structural-v1
src/nonmatching/func_0205499c.c	-O2 -interworking	39.1304	204	structural-v1
src/nonmatching/func_02054a68.c	-O2 -interworking	34.5198	360	structural-v1
src/nonmatching/func_02054bd0.c	-O2 -interworking	37.8712	436	structural-v1
src/nonmatching/func_02054d84.c	-O2 -interworking	34.0969	444	structural-v1
src/nonmatching/func_02054f40.c	-O2 -interworking	29.0487	4356	structural-v1
src/nonmatching/func_0205604c.c	-O2 -interworking	29.7368	76	structural-v1
src/nonmatching/func_02056098.c	-O2 -interworking	74.7368	76	structural-v1
src/nonmatching/func_020560e4.c	-O2 -interworking	61.4286	28	structural-v1
src/nonmatching/func_02056100.c	-O2 -interworking	61.3559	116	structural-v1
src/nonmatching/func_02056174.c	-O2 -interworking	63.5556	80	structural-v1
src/nonmatching/func_020561dc.c	-O2 -interworking	60.0000	44	structural-v1
src/nonmatching/func_02056208.c	-O2 -interworking	83.1818	84	structural-v1
src/nonmatching/func_0205625c.c	-O2 -interworking	82.3810	80	structural-v1
src/nonmatching/func_020562ac.c	-O2 -interworking	66.2963	100	structural-v1
src/nonmatching/func_02056310.c	-O2 -interworking	93.9583	96	structural-v1
src/nonmatching/func_0205639c.c	-O2 -interworking	55.7692	104	structural-v1
src/nonmatching/func_02056404.c	-O2 -interworking	87.5263	40	structural-v1
src/nonmatching/func_0205642c.c	-O2 -interworking	43.1609	124	structural-v1
src/nonmatching/func_020564a8.c	-O2 -interworking	78.3333	24	structural-v1
src/nonmatching/func_020564c0.c	-O2 -interworking	47.4324	72	structural-v1
src/nonmatching/func_02056508.c	-O2 -interworking	75.6522	92	structural-v1
src/nonmatching/func_02056564.c	-O2 -interworking	65.6522	88	structural-v1
src/nonmatching/func_020565d0.c	-O2 -interworking	81.9048	44	structural-v1
src/nonmatching/func_020565fc.c	-O2 -interworking	67.5000	56	structural-v1
src/nonmatching/func_02056634.c	-O2 -interworking	16.3889	12	structural-v1
src/nonmatching/func_02056640.c	-O2 -interworking	51.7857	52	structural-v1
src/nonmatching/func_02056674.c	-O2 -interworking	83.6364	44	structural-v1
src/nonmatching/func_020566a0.c	-O2 -interworking	96.7500	80	structural-v1
src/nonmatching/func_020566f0.c	-O2 -interworking	83.9024	84	structural-v1
src/nonmatching/func_02056744.c	-O2 -interworking	81.4409	60	structural-v1
src/nonmatching/func_02056780.c	-O2 -interworking	17.5000	12	structural-v1
src/nonmatching/func_0205678c.c	-O2 -interworking	35.5000	320	structural-v1
src/nonmatching/func_020568cc.c	-O2 -interworking	47.5000	24	structural-v1
src/nonmatching/func_020568e4.c	-O2 -interworking	68.0000	28	structural-v1
src/nonmatching/func_02056900.c	-O2 -interworking	32.0000	16	structural-v1
src/nonmatching/func_02056910.c	-O2 -interworking	81.7634	60	structural-v1
src/nonmatching/func_0205694c.c	-O2 -interworking	56.3636	40	structural-v1
src/nonmatching/func_02056974.c	-O2 -interworking	78.7179	156	structural-v1
src/nonmatching/func_02056a28.c	-O2 -interworking	81.7634	60	structural-v1
src/nonmatching/func_02056a74.c	-O2 -interworking	81.7634	60	structural-v1
src/nonmatching/func_02056ac0.c	-O2 -interworking	81.7634	60	structural-v1
src/nonmatching/func_02056afc.c	-O2 -interworking	81.7634	60	structural-v1
src/nonmatching/func_02056b58.c	-O2 -interworking	56.9913	48	structural-v1
src/nonmatching/func_02056b88.c	-O2 -interworking	58.9189	72	structural-v1
src/nonmatching/func_02056c18.c	-O2 -interworking	58.3333	84	structural-v1
src/nonmatching/func_02056c6c.c	-O2 -interworking	57.6000	52	structural-v1
src/nonmatching/func_02056ca0.c	-O2 -interworking	24.6706	188	structural-v1
src/nonmatching/func_02056d5c.c	-O2 -interworking	25.8658	44	structural-v1
src/nonmatching/func_02056d88.c	-O2 -interworking	23.5387	180	structural-v1
src/nonmatching/func_02056e3c.c	-O2 -interworking	25.6395	108	structural-v1
src/nonmatching/func_02056ea8.c	-O2 -interworking	25.6395	108	structural-v1
src/nonmatching/func_02056f14.c	-O2 -interworking	59.2647	272	structural-v1
src/nonmatching/func_02057030.c	-O2 -interworking	24.5238	404	structural-v1
src/nonmatching/func_020571c4.c	-O2 -interworking	50.9375	64	structural-v1
src/nonmatching/func_0205721c.c	-O2 -interworking	42.4646	88	structural-v1
src/nonmatching/func_02057274.c	-O2 -interworking	36.4444	16	structural-v1
src/nonmatching/func_020572a8.c	-O2 -interworking	26.9022	212	structural-v1
src/nonmatching/func_0205737c.c	-O2 -interworking	26.7419	344	structural-v1
src/nonmatching/func_020574d4.c	-O2 -interworking	44.6173	204	structural-v1
src/nonmatching/func_020575a0.c	-O2 -interworking	39.8715	188	structural-v1
src/nonmatching/func_0205765c.c	-O2 -interworking	25.7002	508	structural-v1
src/nonmatching/func_02057858.c	-O2 -interworking	24.4297	320	structural-v1
src/nonmatching/func_020579a4.c	-O2 -interworking	54.3902	248	structural-v1
src/nonmatching/func_02057a9c.c	-O2 -interworking	64.1143	348	structural-v1
src/nonmatching/func_02057bf8.c	-O2 -interworking	80.6250	32	structural-v1
src/nonmatching/func_02057c18.c	-O2 -interworking	77.8571	28	structural-v1
src/nonmatching/func_02057c34.c	-O2 -interworking	77.8571	28	structural-v1
src/nonmatching/func_02057c50.c	-O2 -interworking	36.4444	16	structural-v1
src/nonmatching/func_02057c88.c	-O2 -interworking	35.8559	220	structural-v1
src/nonmatching/func_02057d64.c	-O2 -interworking	64.3750	60	structural-v1
src/nonmatching/func_02057da0.c	-O2 -interworking	78.3333	24	structural-v1
src/nonmatching/func_02057db8.c	-O2 -interworking	83.7500	32	structural-v1
src/nonmatching/func_02057dd8.c	-O2 -interworking	83.7500	32	structural-v1
src/nonmatching/func_02057df8.c	-O2 -interworking	18.2380	868	structural-v1
src/nonmatching/func_0205815c.c	-O2 -interworking	83.5714	84	structural-v1
src/nonmatching/func_020581b0.c	-O2 -interworking	80.0000	44	structural-v1
src/nonmatching/func_020581dc.c	-O2 -interworking	83.5714	84	structural-v1
src/nonmatching/func_02058230.c	-O2 -interworking	80.3030	24	structural-v1
src/nonmatching/func_02058248.c	-O2 -interworking	92.7778	36	structural-v1
src/nonmatching/func_0205826c.c	-O2 -interworking	31.7517	600	structural-v1
src/nonmatching/func_020584c4.c	-O2 -interworking	69.2857	16	structural-v1
src/nonmatching/func_020584d4.c	-O2 -interworking	76.0000	20	structural-v1
src/nonmatching/func_020584e8.c	-O2 -interworking	84.8214	16	structural-v1
src/nonmatching/func_020584f8.c	-O2 -interworking	84.8214	16	structural-v1
src/nonmatching/func_02058508.c	-O2 -interworking	27.2390	584	structural-v1
src/nonmatching/func_02058750.c	-O2 -interworking	28.7080	312	structural-v1
src/nonmatching/func_02058888.c	-O2 -interworking	39.5166	200	structural-v1
src/nonmatching/func_02058974.c	-O2 -interworking	16.2281	72	structural-v1
src/nonmatching/func_020589bc.c	-O2 -interworking	12.6667	72	structural-v1
src/nonmatching/func_02058a04.c	-O2 -interworking	40.8179	172	structural-v1
src/nonmatching/func_02058ab0.c	-O2 -interworking	26.8571	148	structural-v1
src/nonmatching/func_02058b44.c	-O2 -interworking	28.9474	72	structural-v1
src/nonmatching/func_02058b8c.c	-O2 -interworking	19.6212	232	structural-v1
src/nonmatching/func_02058c74.c	-O2 -interworking	40.6667	28	structural-v1
src/nonmatching/func_02058c90.c	-O2 -interworking	28.6624	304	structural-v1
src/nonmatching/func_02058dc0.c	-O2 -interworking	19.2982	564	structural-v1
src/nonmatching/func_02059390.c	-O2 -interworking	36.6667	80	structural-v1
src/nonmatching/func_020593e0.c	-O2 -interworking	42.4590	128	structural-v1
src/nonmatching/func_02059460.c	-O2 -interworking	21.5476	408	structural-v1
src/nonmatching/func_020595f8.c	-O2 -interworking	22.1429	492	structural-v1
src/nonmatching/func_020597e4.c	-O2 -interworking	40.5263	40	structural-v1
src/nonmatching/func_0205980c.c	-O2 -interworking	34.2233	136	structural-v1
src/nonmatching/func_02059894.c	-O2 -interworking	33.4871	532	structural-v1
src/nonmatching/func_02059aa8.c	-O2 -interworking	47.4619	284	structural-v1
src/nonmatching/func_02059bc4.c	-O2 -interworking	8.9011	44	structural-v1
src/nonmatching/func_02059bf0.c	-O2 -interworking	3.1032	132	structural-v1
src/nonmatching/func_02059c74.c	-O2 -interworking	6.3072	60	structural-v1
src/nonmatching/func_02059cb0.c	-O2 -interworking	33.2584	176	structural-v1
src/nonmatching/func_02059d60.c	-O2 -interworking	42.0000	92	structural-v1
src/nonmatching/func_02059dbc.c	-O2 -interworking	30.6667	92	structural-v1
src/nonmatching/func_02059e18.c	-O2 -interworking	22.8078	768	structural-v1
src/nonmatching/func_0205a118.c	-O2 -interworking	19.4888	728	structural-v1
src/nonmatching/func_0205a900.c	-O2 -interworking	35.7914	452	structural-v1
src/nonmatching/func_0205aac4.c	-O2 -interworking	61.9641	216	structural-v1
src/nonmatching/func_0205ab9c.c	-O2 -interworking	70.5882	96	structural-v1
src/nonmatching/func_0205ac50.c	-O2 -interworking	57.5556	96	structural-v1
src/nonmatching/func_0205acb0.c	-O2 -interworking	25.2151	152	structural-v1
src/nonmatching/func_0205ad48.c	-O2 -interworking	65.5419	56	structural-v1
src/nonmatching/func_0205ad80.c	-O2 -interworking	92.2222	56	structural-v1
src/nonmatching/func_0205adb8.c	-O2 -interworking	63.0499	84	structural-v1
src/nonmatching/func_0205ae0c.c	-O2 -interworking	34.1758	184	structural-v1
src/nonmatching/func_0205aec4.c	-O2 -interworking	88.8000	100	structural-v1
src/nonmatching/func_0205af28.c	-O2 -interworking	60.6250	128	structural-v1
src/nonmatching/func_0205afa8.c	-O2 -interworking	76.1818	116	structural-v1
src/nonmatching/func_0205b01c.c	-O2 -interworking	85.9524	84	structural-v1
src/nonmatching/func_0205b078.c	-O2 -interworking	80.0000	20	structural-v1
src/nonmatching/func_0205b08c.c	-O2 -interworking	80.0000	20	structural-v1
src/nonmatching/func_0205b0b4.c	-O2 -interworking	70.1613	184	structural-v1
src/nonmatching/func_0205b16c.c	-O2 -interworking	54.4740	80	structural-v1
src/nonmatching/func_0205b1bc.c	-O2 -interworking	80.0000	20	structural-v1
src/nonmatching/func_0205b1d8.c	-O2 -interworking	56.1364	80	structural-v1
src/nonmatching/func_0205b228.c	-O2 -interworking	50.4902	32	structural-v1
src/nonmatching/func_0205b248.c	-O2 -interworking	46.0483	304	structural-v1
src/nonmatching/func_0205b378.c	-O2 -interworking	36.1747	184	structural-v1
src/nonmatching/func_0205b430.c	-O2 -interworking	39.3548	244	structural-v1
src/nonmatching/func_0205b524.c	-O2 -interworking	65.4545	172	structural-v1
src/nonmatching/func_0205b5d0.c	-O2 -interworking	46.7606	140	structural-v1
src/nonmatching/func_0205b65c.c	-O2 -interworking	79.2683	80	structural-v1
src/nonmatching/func_0205b6ac.c	-O2 -interworking	38.0734	220	structural-v1
src/nonmatching/func_0205b788.c	-O2 -interworking	43.8760	252	structural-v1
src/nonmatching/func_0205b884.c	-O2 -interworking	66.7327	196	structural-v1
src/nonmatching/func_0205b948.c	-O2 -interworking	39.2537	132	structural-v1
src/nonmatching/func_0205b9cc.c	-O2 -interworking	75.1282	76	structural-v1
src/nonmatching/func_0205ba18.c	-O2 -interworking	57.8652	176	structural-v1
src/nonmatching/func_0205bac8.c	-O2 -interworking	38.2667	148	structural-v1
src/nonmatching/func_0205bb5c.c	-O2 -interworking	20.2690	320	structural-v1
src/nonmatching/func_0205bc9c.c	-O2 -interworking	40.3953	48	structural-v1
src/nonmatching/func_0205bccc.c	-O2 -interworking	61.8687	120	structural-v1
src/nonmatching/func_0205bda4.c	-O2 -interworking	40.3441	60	structural-v1
src/nonmatching/func_0205bde0.c	-O2 -interworking	42.7273	20	structural-v1
src/nonmatching/func_0205bdf4.c	-O2 -interworking	39.2917	64	structural-v1
src/nonmatching/func_0205be34.c	-O2 -interworking	26.7433	508	structural-v1
src/nonmatching/func_0205c030.c	-O2 -interworking	39.2917	64	structural-v1
src/nonmatching/func_0205c070.c	-O2 -interworking	23.0851	100	structural-v1
src/nonmatching/func_0205c0d4.c	-O2 -interworking	50.2519	52	structural-v1
src/nonmatching/func_0205c108.c	-O2 -interworking	50.2519	52	structural-v1
src/nonmatching/func_0205c13c.c	-O2 -interworking	46.3538	104	structural-v1
src/nonmatching/func_0205c1a4.c	-O2 -interworking	77.3469	100	structural-v1
src/nonmatching/func_0205c208.c	-O2 -interworking	53.4483	108	structural-v1
src/nonmatching/func_0205c274.c	-O2 -interworking	51.0714	112	structural-v1
src/nonmatching/func_0205c2e4.c	-O2 -interworking	27.9589	1008	structural-v1
src/nonmatching/func_0205c6d4.c	-O2 -interworking	66.3235	136	structural-v1
src/nonmatching/func_0205c75c.c	-O2 -interworking	88.8000	100	structural-v1
src/nonmatching/func_0205c7c0.c	-O2 -interworking	78.5000	40	structural-v1
src/nonmatching/func_0205c7e8.c	-O2 -interworking	78.5000	40	structural-v1
src/nonmatching/func_0205c810.c	-O2 -interworking	68.7500	376	structural-v1
src/nonmatching/func_0205c988.c	-O2 -interworking	56.6346	204	structural-v1
src/nonmatching/func_0205ca54.c	-O2 -interworking	51.7201	1140	structural-v1
src/nonmatching/func_0205cec8.c	-O2 -interworking	43.5556	176	structural-v1
src/nonmatching/func_0205d04c.c	-O2 -interworking	44.1250	160	structural-v1
src/nonmatching/func_0205d0ec.c	-O2 -interworking	35.2881	748	structural-v1
src/nonmatching/func_0205d800.c	-O2 -interworking	65.5319	104	structural-v1
src/nonmatching/func_0205d868.c	-O2 -interworking	41.1638	848	structural-v1
src/nonmatching/func_0205dbb8.c	-O2 -interworking	46.1859	948	structural-v1
src/nonmatching/func_0205df6c.c	-O2 -interworking	47.7917	32	structural-v1
src/nonmatching/func_0205dfe4.c	-O2 -interworking	48.0303	24	structural-v1
src/nonmatching/func_0205e008.c	-O2 -interworking	22.2525	184	structural-v1
src/nonmatching/func_0205e228.c	-O2 -interworking	72.4946	64	structural-v1
src/nonmatching/func_0205e268.c	-O2 -interworking	90.8333	72	structural-v1
src/nonmatching/func_0205e2b0.c	-O2 -interworking	59.0566	104	structural-v1
src/nonmatching/func_0205e318.c	-O2 -interworking	51.2967	576	structural-v1
src/nonmatching/func_0205e67c.c	-O2 -interworking	34.7442	308	structural-v1
src/nonmatching/func_0205e7b0.c	-O2 -interworking	28.8909	392	structural-v1
src/nonmatching/func_0205e938.c	-O2 -interworking	22.9962	648	structural-v1
src/nonmatching/func_0205ebc0.c	-O2 -interworking	36.0465	168	structural-v1
src/nonmatching/func_0205ec68.c	-O2 -interworking	48.5246	120	structural-v1
src/nonmatching/func_0205ece0.c	-O2 -interworking	48.5246	120	structural-v1
src/nonmatching/func_0205ed58.c	-O2 -interworking	48.7302	124	structural-v1
src/nonmatching/func_0205edd4.c	-O2 -interworking	48.7302	124	structural-v1
src/nonmatching/func_0205ee50.c	-O2 -interworking	81.5625	64	structural-v1
src/nonmatching/func_0205ee90.c	-O2 -interworking	81.5625	64	structural-v1
src/nonmatching/func_0205eed0.c	-O2 -interworking	81.5625	64	structural-v1
src/nonmatching/func_0205ef10.c	-O2 -interworking	31.3158	444	structural-v1
src/nonmatching/func_0205f0cc.c	-O2 -interworking	30.5405	356	structural-v1
src/nonmatching/func_0205f240.c	-O2 -interworking	44.8387	64	structural-v1
src/nonmatching/func_0205f2dc.c	-O2 -interworking	71.7857	56	structural-v1
src/nonmatching/func_0205f314.c	-O2 -interworking	95.0000	40	structural-v1
src/nonmatching/func_0205f33c.c	-O2 -interworking	95.0000	40	structural-v1
src/nonmatching/func_0205f364.c	-O2 -interworking	52.7586	116	structural-v1
src/nonmatching/func_0205f3d8.c	-O2 -interworking	71.5385	52	structural-v1
src/nonmatching/func_0205f41c.c	-O2 -interworking	77.1531	124	structural-v1
src/nonmatching/func_0205f498.c	-O2 -interworking	74.8485	60	structural-v1
src/nonmatching/func_0205f4d4.c	-O2 -interworking	69.5051	148	structural-v1
src/nonmatching/func_0205f568.c	-O2 -interworking	38.2656	144	structural-v1
src/nonmatching/func_0205f5f8.c	-O2 -interworking	58.0187	384	structural-v1
src/nonmatching/func_0205f778.c	-O2 -interworking	29.2427	852	structural-v1
src/nonmatching/func_0205facc.c	-O2 -interworking	31.8913	336	structural-v1
src/nonmatching/func_0205fc1c.c	-O2 -interworking	26.9650	340	structural-v1
src/nonmatching/func_0205fd70.c	-O2 -interworking	22.5786	468	structural-v1
src/nonmatching/func_0205ff44.c	-O2 -interworking	39.5801	384	structural-v1
src/nonmatching/func_020600c4.c	-O2 -interworking	21.4714	1028	structural-v1
src/nonmatching/func_020604c8.c	-O2 -interworking	27.8039	824	structural-v1
src/nonmatching/func_02060800.c	-O2 -interworking	29.6363	360	structural-v1
src/nonmatching/func_02060968.c	-O2 -interworking	52.8140	352	structural-v1
src/nonmatching/func_02060ac8.c	-O2 -interworking	31.0566	236	structural-v1
src/nonmatching/func_02060bb4.c	-O2 -interworking	27.1027	204	structural-v1
src/nonmatching/func_02060c80.c	-O2 -interworking	50.9630	268	structural-v1
src/nonmatching/func_02060d8c.c	-O2 -interworking	50.3279	244	structural-v1
src/nonmatching/func_02060e80.c	-O2 -interworking	31.6298	268	structural-v1
src/nonmatching/func_02060f8c.c	-O2 -interworking	41.7692	252	structural-v1
src/nonmatching/func_02061088.c	-O2 -interworking	27.1027	204	structural-v1
src/nonmatching/func_02061154.c	-O2 -interworking	69.5833	96	structural-v1
src/nonmatching/func_020611b4.c	-O2 -interworking	25.9390	208	structural-v1
src/nonmatching/func_02061284.c	-O2 -interworking	45.4095	212	structural-v1
src/nonmatching/func_02061358.c	-O2 -interworking	66.6667	100	structural-v1
src/nonmatching/func_020613bc.c	-O2 -interworking	63.4667	144	structural-v1
src/nonmatching/func_020614e8.c	-O2 -interworking	68.0357	116	structural-v1
src/nonmatching/func_02061598.c	-O2 -interworking	72.1505	188	structural-v1
src/nonmatching/func_02061654.c	-O2 -interworking	22.2548	328	structural-v1
src/nonmatching/func_0206179c.c	-O2 -interworking	44.3609	264	structural-v1
src/nonmatching/func_020618a4.c	-O2 -interworking	71.8182	196	structural-v1
src/nonmatching/func_02061968.c	-O2 -interworking	38.4483	116	structural-v1
src/nonmatching/func_020619dc.c	-O2 -interworking	45.1351	76	structural-v1
src/nonmatching/func_02061a28.c	-O2 -interworking	58.1416	224	structural-v1
src/nonmatching/func_02061b08.c	-O2 -interworking	76.5116	172	structural-v1
src/nonmatching/func_02061bb4.c	-O2 -interworking	48.7097	64	structural-v1
src/nonmatching/func_02061c18.c	-O2 -interworking	14.1780	312	structural-v1
src/nonmatching/func_02061d50.c	-O2 -interworking	58.0451	292	structural-v1
src/nonmatching/func_02061e74.c	-O2 -interworking	16.4490	532	structural-v1
src/nonmatching/func_02062088.c	-O2 -interworking	9.6450	432	structural-v1
src/nonmatching/func_02062238.c	-O2 -interworking	43.8732	260	structural-v1
src/nonmatching/func_0206233c.c	-O2 -interworking	40.6195	216	structural-v1
src/nonmatching/func_02062414.c	-O2 -interworking	23.4483	116	structural-v1
src/nonmatching/func_02062488.c	-O2 -interworking	56.3158	76	structural-v1
src/nonmatching/func_020624d4.c	-O2 -interworking	39.3893	244	structural-v1
src/nonmatching/func_020625c8.c	-O2 -interworking	44.7619	200	structural-v1
src/nonmatching/func_02062690.c	-O2 -interworking	50.0000	72	structural-v1
src/nonmatching/func_020626fc.c	-O2 -interworking	14.1780	312	structural-v1
src/nonmatching/func_02062834.c	-O2 -interworking	24.4444	352	structural-v1
src/nonmatching/func_02062994.c	-O2 -interworking	57.5221	216	structural-v1
src/nonmatching/func_02062a6c.c	-O2 -interworking	29.6667	120	structural-v1
src/nonmatching/func_02062ae4.c	-O2 -interworking	53.1707	80	structural-v1
src/nonmatching/func_02062b34.c	-O2 -interworking	53.5922	204	structural-v1
src/nonmatching/func_02062c00.c	-O2 -interworking	89.8765	160	structural-v1
src/nonmatching/func_02062ca0.c	-O2 -interworking	36.3333	60	structural-v1
src/nonmatching/func_02062d00.c	-O2 -interworking	25.2853	372	structural-v1
src/nonmatching/func_02062e94.c	-O2 -interworking	41.4795	72	structural-v1
src/nonmatching/func_02062edc.c	-O2 -interworking	39.1379	128	structural-v1
src/nonmatching/func_02062f5c.c	-O2 -interworking	49.4509	128	structural-v1
src/nonmatching/func_02062fdc.c	-O2 -interworking	32.0194	360	structural-v1
src/nonmatching/func_0206314c.c	-O2 -interworking	38.5833	76	structural-v1
src/nonmatching/func_020632bc.c	-O2 -interworking	47.5275	28	structural-v1
src/nonmatching/func_020632d8.c	-O2 -interworking	80.0000	32	structural-v1
src/nonmatching/func_02063310.c	-O2 -interworking	83.0000	20	structural-v1
src/nonmatching/func_02063324.c	-O2 -interworking	82.2727	44	structural-v1
src/nonmatching/func_02063350.c	-O2 -interworking	82.2727	44	structural-v1
src/nonmatching/func_0206337c.c	-O2 -interworking	78.3333	36	structural-v1
src/nonmatching/func_020633a0.c	-O2 -interworking	78.3333	36	structural-v1
src/nonmatching/func_02063454.c	-O2 -interworking	82.2727	44	structural-v1
src/nonmatching/func_02063480.c	-O2 -interworking	82.2727	44	structural-v1
src/nonmatching/func_02063554.c	-O2 -interworking	82.7273	44	structural-v1
src/nonmatching/func_02063580.c	-O2 -interworking	82.2727	44	structural-v1
src/nonmatching/func_020635c4.c	-O2 -interworking	53.0460	52	structural-v1
src/nonmatching/func_02063610.c	-O2 -interworking	84.6667	60	structural-v1
src/nonmatching/func_0206366c.c	-O2 -interworking	84.6667	60	structural-v1
src/nonmatching/func_020636a8.c	-O2 -interworking	18.3660	36	structural-v1
src/nonmatching/func_020636cc.c	-O2 -interworking	21.0909	20	structural-v1
src/nonmatching/func_020636e0.c	-O2 -interworking	48.2667	96	structural-v1
src/nonmatching/func_02063740.c	-O2 -interworking	47.2253	104	structural-v1
src/nonmatching/func_020637a8.c	-O2 -interworking	36.5217	228	structural-v1
src/nonmatching/func_02063898.c	-O2 -interworking	55.7143	68	structural-v1
src/nonmatching/func_020638dc.c	-O2 -interworking	46.2791	92	structural-v1
src/nonmatching/func_02063938.c	-O2 -interworking	7.5000	20	structural-v1
src/nonmatching/func_0206394c.c	-O2 -interworking	44.4805	312	structural-v1
src/nonmatching/func_02063a84.c	-O2 -interworking	45.2381	132	structural-v1
src/nonmatching/func_02063b08.c	-O2 -interworking	53.8235	144	structural-v1
src/nonmatching/func_02063ba0.c	-O2 -interworking	32.7446	88	structural-v1
src/nonmatching/func_02063bf8.c	-O2 -interworking	59.2060	132	structural-v1
src/nonmatching/func_02063c7c.c	-O2 -interworking	28.4021	108	structural-v1
src/nonmatching/func_02063f08.c	-O2 -interworking	34.0441	84	structural-v1
src/nonmatching/func_02063f5c.c	-O2 -interworking	40.5263	212	structural-v1
src/nonmatching/func_02064030.c	-O2 -interworking	52.8327	68	structural-v1
src/nonmatching/func_02064074.c	-O2 -interworking	34.8268	92	structural-v1
src/nonmatching/func_020640d0.c	-O2 -interworking	33.7708	124	structural-v1
src/nonmatching/func_0206414c.c	-O2 -interworking	65.0000	48	structural-v1
src/nonmatching/func_0206417c.c	-O2 -interworking	15.2778	12	structural-v1
src/nonmatching/func_02064188.c	-O2 -interworking	55.6700	88	structural-v1
src/nonmatching/func_020641e0.c	-O2 -interworking	77.1429	56	structural-v1
src/nonmatching/func_02064224.c	-O2 -interworking	44.0398	68	structural-v1
src/nonmatching/func_02064268.c	-O2 -interworking	63.7681	48	structural-v1
src/nonmatching/func_02064298.c	-O2 -interworking	57.3626	28	structural-v1
src/nonmatching/func_020642b4.c	-O2 -interworking	68.2560	68	structural-v1
src/nonmatching/func_020642f8.c	-O2 -interworking	43.6765	32	structural-v1
src/nonmatching/func_02064334.c	-O2 -interworking	60.0000	32	structural-v1
src/nonmatching/func_02064354.c	-O2 -interworking	56.6667	24	structural-v1
src/nonmatching/func_0206436c.c	-O2 -interworking	51.8850	132	structural-v1
src/nonmatching/func_020643f0.c	-O2 -interworking	32.0000	16	structural-v1
src/nonmatching/func_02064400.c	-O2 -interworking	80.0806	64	structural-v1
src/nonmatching/func_02064440.c	-O2 -interworking	32.0000	16	structural-v1
src/nonmatching/func_0206445c.c	-O2 -interworking	50.0000	28	structural-v1
src/nonmatching/func_02064478.c	-O2 -interworking	64.4444	20	structural-v1
src/nonmatching/func_0206448c.c	-O2 -interworking	64.4444	20	structural-v1
src/nonmatching/func_020644a0.c	-O2 -interworking	67.6923	28	structural-v1
src/nonmatching/func_020644bc.c	-O2 -interworking	70.0000	32	structural-v1
src/nonmatching/func_020644dc.c	-O2 -interworking	70.0000	32	structural-v1
src/nonmatching/func_020644fc.c	-O2 -interworking	63.3333	32	structural-v1
src/nonmatching/func_0206451c.c	-O2 -interworking	73.8095	44	structural-v1
src/nonmatching/func_02064548.c	-O2 -interworking	52.5000	40	structural-v1
src/nonmatching/func_02064570.c	-O2 -interworking	76.3158	40	structural-v1
src/nonmatching/func_02064598.c	-O2 -interworking	50.0575	180	structural-v1
src/nonmatching/func_0206464c.c	-O2 -interworking	37.6026	356	structural-v1
src/nonmatching/func_020647b0.c	-O2 -interworking	57.3103	156	structural-v1
src/nonmatching/func_0206484c.c	-O2 -interworking	17.5000	12	structural-v1
src/nonmatching/func_02064858.c	-O2 -interworking	65.2692	80	structural-v1
src/nonmatching/func_020648a8.c	-O2 -interworking	35.0000	80	structural-v1
src/nonmatching/func_020648f8.c	-O2 -interworking	85.0000	40	structural-v1
src/nonmatching/func_02064920.c	-O2 -interworking	47.1415	88	structural-v1
src/nonmatching/func_02064978.c	-O2 -interworking	63.6111	72	structural-v1
src/nonmatching/func_020649c0.c	-O2 -interworking	53.8095	80	structural-v1
src/nonmatching/func_02064a10.c	-O2 -interworking	46.2685	84	structural-v1
src/nonmatching/func_02064a64.c	-O2 -interworking	73.4615	56	structural-v1
src/nonmatching/func_02064a9c.c	-O2 -interworking	44.2323	108	structural-v1
src/nonmatching/func_02064b08.c	-O2 -interworking	50.7481	128	structural-v1
src/nonmatching/func_02064b88.c	-O2 -interworking	79.0418	80	structural-v1
src/nonmatching/func_02064bd8.c	-O2 -interworking	82.4069	96	structural-v1
src/nonmatching/func_02064c38.c	-O2 -interworking	36.8362	116	structural-v1
src/nonmatching/func_02064cac.c	-O2 -interworking	66.8085	92	structural-v1
src/nonmatching/func_02064d08.c	-O2 -interworking	93.5000	40	structural-v1
src/nonmatching/func_02064d30.c	-O2 -interworking	45.2012	416	structural-v1
src/nonmatching/func_02064ed0.c	-O2 -interworking	74.7619	84	structural-v1
src/nonmatching/func_02064f24.c	-O2 -interworking	52.8571	28	structural-v1
src/nonmatching/func_02064f40.c	-O2 -interworking	47.9630	108	structural-v1
src/nonmatching/func_02064fac.c	-O2 -interworking	62.4000	48	structural-v1
src/nonmatching/func_02064fdc.c	-O2 -interworking	65.3448	116	structural-v1
src/nonmatching/func_02065050.c	-O2 -interworking	84.0761	48	structural-v1
src/nonmatching/func_02065090.c	-O2 -interworking	38.1440	176	structural-v1
src/nonmatching/func_02065140.c	-O2 -interworking	47.3810	76	structural-v1
src/nonmatching/func_0206518c.c	-O2 -interworking	67.6786	112	structural-v1
src/nonmatching/func_020651fc.c	-O2 -interworking	47.7473	32	structural-v1
src/nonmatching/func_02065458.c	-O2 -interworking	44.3478	184	structural-v1
src/nonmatching/func_02065510.c	-O2 -interworking	42.4078	416	structural-v1
src/nonmatching/func_020656b0.c	-O2 -interworking	49.6970	24	structural-v1
src/nonmatching/func_020656c8.c	-O2 -interworking	84.8214	16	structural-v1
src/nonmatching/func_020656d8.c	-O2 -interworking	62.7633	100	structural-v1
src/nonmatching/func_0206573c.c	-O2 -interworking	62.7633	100	structural-v1
src/nonmatching/func_020657a0.c	-O2 -interworking	62.7633	100	structural-v1
src/nonmatching/func_02065804.c	-O2 -interworking	62.7633	100	structural-v1
src/nonmatching/func_02065868.c	-O2 -interworking	62.7633	100	structural-v1
src/nonmatching/func_020658cc.c	-O2 -interworking	62.7633	100	structural-v1
src/nonmatching/func_02065930.c	-O2 -interworking	62.7633	100	structural-v1
src/nonmatching/func_02065994.c	-O2 -interworking	62.7633	100	structural-v1
src/nonmatching/func_020659f8.c	-O2 -interworking	83.8684	40	structural-v1
src/nonmatching/func_02065a20.c	-O2 -interworking	83.8684	40	structural-v1
src/nonmatching/func_02065a48.c	-O2 -interworking	61.8495	200	structural-v1
src/nonmatching/func_02065b10.c	-O2 -interworking	49.0476	32	structural-v1
src/nonmatching/func_02065b30.c	-O2 -interworking	83.8684	40	structural-v1
src/nonmatching/func_02065b58.c	-O2 -interworking	91.7033	28	structural-v1
src/nonmatching/func_02065b74.c	-O2 -interworking	88.1111	20	structural-v1
src/nonmatching/func_02065b88.c	-O2 -interworking	88.1111	20	structural-v1
src/nonmatching/func_02065b9c.c	-O2 -interworking	88.1111	20	structural-v1
src/nonmatching/func_02065bd4.c	-O2 -interworking	54.9123	116	structural-v1
src/nonmatching/func_02065c48.c	-O2 -interworking	80.0000	24	structural-v1
src/nonmatching/func_02065c60.c	-O2 -interworking	61.3542	188	structural-v1
src/nonmatching/func_02065d1c.c	-O2 -interworking	92.5000	104	structural-v1
src/nonmatching/func_02065d84.c	-O2 -interworking	43.8095	80	structural-v1
src/nonmatching/func_02065dd4.c	-O2 -interworking	58.7736	212	structural-v1
src/nonmatching/func_02065ea8.c	-O2 -interworking	31.0909	16	structural-v1
src/nonmatching/func_02065eb8.c	-O2 -interworking	87.4074	52	structural-v1
src/nonmatching/func_02065eec.c	-O2 -interworking	84.1935	60	structural-v1
src/nonmatching/func_02065f28.c	-O2 -interworking	75.6250	32	structural-v1
src/nonmatching/func_02065f48.c	-O2 -interworking	90.8333	24	structural-v1
src/nonmatching/func_02065f60.c	-O2 -interworking	47.9856	252	structural-v1
src/nonmatching/func_0206605c.c	-O2 -interworking	80.7576	132	structural-v1
src/nonmatching/func_020660e0.c	-O2 -interworking	75.8333	96	structural-v1
src/nonmatching/func_02066140.c	-O2 -interworking	35.6901	320	structural-v1
src/nonmatching/func_02066280.c	-O2 -interworking	61.2500	132	structural-v1
src/nonmatching/func_02066304.c	-O2 -interworking	41.3699	164	structural-v1
src/nonmatching/func_020663a8.c	-O2 -interworking	56.9983	108	structural-v1
src/nonmatching/func_02066414.c	-O2 -interworking	56.9983	108	structural-v1
src/nonmatching/func_02066480.c	-O2 -interworking	56.9983	108	structural-v1
src/nonmatching/func_020664ec.c	-O2 -interworking	56.9983	108	structural-v1
src/nonmatching/func_02066558.c	-O2 -interworking	38.1803	296	structural-v1
src/nonmatching/func_02066680.c	-O2 -interworking	67.7273	88	structural-v1
src/nonmatching/func_020666d8.c	-O2 -interworking	82.8571	40	structural-v1
src/nonmatching/func_02066700.c	-O2 -interworking	80.4000	48	structural-v1
src/nonmatching/func_02066730.c	-O2 -interworking	80.4000	48	structural-v1
src/nonmatching/func_02066760.c	-O2 -interworking	83.7500	32	structural-v1
src/nonmatching/func_02066780.c	-O2 -interworking	76.4865	72	structural-v1
src/nonmatching/func_020667c8.c	-O2 -interworking	56.0894	200	structural-v1
src/nonmatching/func_02066890.c	-O2 -interworking	25.9375	192	structural-v1
src/nonmatching/func_02066950.c	-O2 -interworking	49.5604	152	structural-v1
src/nonmatching/func_020669e8.c	-O2 -interworking	50.0000	72	structural-v1
src/nonmatching/func_02066a30.c	-O2 -interworking	44.7170	128	structural-v1
src/nonmatching/func_02066ab0.c	-O2 -interworking	29.1597	260	structural-v1
src/nonmatching/func_02066bb4.c	-O2 -interworking	38.5106	200	structural-v1
src/nonmatching/func_02066d80.c	-O2 -interworking	47.3201	200	structural-v1
src/nonmatching/func_02066e48.c	-O2 -interworking	37.9412	92	structural-v1
src/nonmatching/func_02066ea4.c	-O2 -interworking	48.2692	132	structural-v1
src/nonmatching/func_02066f28.c	-O2 -interworking	92.3077	28	structural-v1
src/nonmatching/func_02066f44.c	-O2 -interworking	87.0000	40	structural-v1
src/nonmatching/func_02066f6c.c	-O2 -interworking	42.7273	92	structural-v1
src/nonmatching/func_02066fc8.c	-O2 -interworking	67.6923	28	structural-v1
src/nonmatching/func_02066fe4.c	-O2 -interworking	72.5947	68	structural-v1
src/nonmatching/func_02067028.c	-O2 -interworking	50.3846	52	structural-v1
src/nonmatching/func_02067080.c	-O2 -interworking	38.1570	268	structural-v1
src/nonmatching/func_0206718c.c	-O2 -interworking	77.2857	140	structural-v1
src/nonmatching/func_02067218.c	-O2 -interworking	84.5000	44	structural-v1
src/nonmatching/func_02067244.c	-O2 -interworking	38.4122	620	structural-v1
src/nonmatching/func_020674b0.c	-O2 -interworking	35.6250	88	structural-v1
src/nonmatching/func_02067508.c	-O2 -interworking	67.0646	152	structural-v1
src/nonmatching/func_020675a0.c	-O2 -interworking	71.3538	104	structural-v1
src/nonmatching/func_02067608.c	-O2 -interworking	83.9286	56	structural-v1
src/nonmatching/func_02067640.c	-O2 -interworking	92.7778	36	structural-v1
src/nonmatching/func_02067664.c	-O2 -interworking	46.0709	104	structural-v1
src/nonmatching/func_020676cc.c	-O2 -interworking	62.6786	112	structural-v1
src/nonmatching/func_0206773c.c	-O2 -interworking	84.5000	80	structural-v1
src/nonmatching/func_0206778c.c	-O2 -interworking	40.6250	68	structural-v1
src/nonmatching/func_020677d0.c	-O2 -interworking	76.4502	44	structural-v1
src/nonmatching/func_020677fc.c	-O2 -interworking	56.8433	152	structural-v1
src/nonmatching/func_02067894.c	-O2 -interworking	47.3418	316	structural-v1
src/nonmatching/func_020679d0.c	-O2 -interworking	55.3333	316	structural-v1
src/nonmatching/func_02067b0c.c	-O2 -interworking	20.7653	2056	structural-v1
src/nonmatching/func_02068314.c	-O2 -interworking	33.4444	104	structural-v1
src/nonmatching/func_0206837c.c	-O2 -interworking	35.9829	248	structural-v1
src/nonmatching/func_02068484.c	-O2 -interworking	90.7143	56	structural-v1
src/nonmatching/func_020684cc.c	-O2 -interworking	87.0000	40	structural-v1
src/nonmatching/func_020684f8.c	-O2 -interworking	90.7143	28	structural-v1
src/nonmatching/func_02068518.c	-O2 -interworking	60.4762	84	structural-v1
src/nonmatching/func_0206856c.c	-O2 -interworking	71.5152	64	structural-v1
src/nonmatching/func_020685c4.c	-O2 -interworking	79.0000	40	structural-v1
src/nonmatching/func_020685ec.c	-O2 -interworking	89.6154	52	structural-v1
src/nonmatching/func_02068638.c	-O2 -interworking	53.3333	24	structural-v1
src/nonmatching/func_02068650.c	-O2 -interworking	29.7674	264	structural-v1
src/nonmatching/func_02068758.c	-O2 -interworking	30.5962	140	structural-v1
src/nonmatching/func_02068834.c	-O2 -interworking	91.6462	52	structural-v1
src/nonmatching/func_02068868.c	-O2 -interworking	72.5000	24	structural-v1
src/nonmatching/func_02068880.c	-O2 -interworking	72.5000	24	structural-v1
src/nonmatching/func_02068898.c	-O2 -interworking	94.0909	44	structural-v1
src/nonmatching/func_020688c4.c	-O2 -interworking	82.3077	52	structural-v1
src/nonmatching/func_020688f8.c	-O2 -interworking	52.8139	44	structural-v1
src/nonmatching/func_02068924.c	-O2 -interworking	38.1142	556	structural-v1
src/nonmatching/func_02068b50.c	-O2 -interworking	73.1333	48	structural-v1
src/nonmatching/func_02068b80.c	-O2 -interworking	80.0000	36	structural-v1
src/nonmatching/func_02068ba4.c	-O2 -interworking	44.9262	316	structural-v1
src/nonmatching/func_02068ce8.c	-O2 -interworking	55.3175	172	structural-v1
src/nonmatching/func_02068e40.c	-O2 -interworking	33.3013	152	structural-v1
src/nonmatching/func_02069024.c	-O2 -interworking	35.9947	76	structural-v1
src/nonmatching/func_0206907c.c	-O2 -interworking	88.1250	32	structural-v1
src/nonmatching/func_0206909c.c	-O2 -interworking	88.1250	32	structural-v1
src/nonmatching/func_020690bc.c	-O2 -interworking	33.9394	60	structural-v1
src/nonmatching/func_020690f8.c	-O2 -interworking	41.9810	496	structural-v1
src/nonmatching/func_020692e8.c	-O2 -interworking	83.3333	24	structural-v1
src/nonmatching/func_02069438.c	-O2 -interworking	79.0000	12	structural-v1
src/nonmatching/func_02069444.c	-O2 -interworking	15.7500	40	structural-v1
src/nonmatching/func_0206946c.c	-O2 -interworking	69.5170	48	structural-v1
src/nonmatching/func_0206949c.c	-O2 -interworking	70.4895	36	structural-v1
src/nonmatching/func_020694c0.c	-O2 -interworking	74.8718	28	structural-v1
src/nonmatching/func_020694dc.c	-O2 -interworking	63.0769	24	structural-v1
src/nonmatching/func_020694fc.c	-O2 -interworking	36.4444	32	structural-v1
src/nonmatching/func_02069524.c	-O2 -interworking	37.1111	32	structural-v1
src/nonmatching/func_0206954c.c	-O2 -interworking	41.2284	32	structural-v1
src/nonmatching/func_02069574.c	-O2 -interworking	36.4444	32	structural-v1
src/nonmatching/func_0206959c.c	-O2 -interworking	47.3060	36	structural-v1
src/nonmatching/func_020695cc.c	-O2 -interworking	37.1592	116	structural-v1
